indexNo,site,
6,14
6,15
9,17
9,18
9,19
9,20
9,21
9,22
9,23
12,17
12,18
12,19
12,23
14,6
20,10
24,7
24,8
24,9
24,10
32,3
32,4
37,5
49,3
49,4
49,5
54,5
55,3
55,4
55,5
63,17
63,18
63,19
63,21
63,23
67,5
67,6
70,14
70,16
74,6
76,6
83,14
83,15
83,16
85,14
85,16
89,9
89,10
89,11
90,3
90,4
93,17
93,18
93,19
93,20
93,21
93,22
93,23
94,3
94,4
94,5
97,17
97,18
97,19
97,20
97,21
97,23
103,15
106,6
106,7
113,10
118,18
118,19
118,23
120,6
120,7
120,8
121,6
125,3
125,4
128,17
128,20
128,21
128,22
133,14
133,15
133,16
135,14
135,15
135,16
136,17
136,20
136,21
136,22
138,1
138,2
142,8
142,10
146,12
146,13
147,3
147,4
147,5
148,15
150,17
150,18
150,19
150,20
150,21
150,22
150,23
151,22
152,10
152,11
152,12
152,13
163,3
163,4
170,11
170,12
170,13
175,17
179,6
182,9
182,10
182,11
182,12
185,18
185,19
185,23
187,6
187,7
187,8
188,17
188,20
188,21
188,22
194,1
194,2
194,5
195,3
195,4
195,5
196,9
196,10
196,11
197,18
197,19
197,23
198,18
198,19
198,23
203,17
203,18
203,19
203,20
203,21
203,22
203,23
204,6
204,7
204,8
205,6
205,7
205,8
208,5
210,23
211,11
211,12
211,13
213,16
214,7
214,8
214,9
214,10
222,14
222,15
222,16
233,6
237,9
237,10
237,11
237,12
237,13
238,10
240,14
240,16
244,3
244,4
248,3
248,4
251,3
251,4
255,17
256,17
256,18
256,19
256,20
256,21
256,22
256,23
260,6
260,7
260,8
260,9
260,10
266,3
266,4
266,5
268,14
268,15
268,16
275,14
275,15
275,16
276,3
276,4
277,6
280,1
280,2
280,5
281,9
281,10
281,11
281,12
281,13
283,6
283,7
283,8
284,6
285,6
289,14
289,15
289,16
290,17
290,18
290,19
290,20
290,21
290,22
290,23
293,17
293,18
293,19
293,20
293,21
293,22
293,23
296,3
296,4
300,12
300,13
311,6
311,7
311,8
315,3
315,4
317,18
317,19
317,23
319,3
319,4
319,5
324,23
328,9
328,10
328,11
328,12
328,13
329,3
329,4
329,5
330,6
330,7
330,8
330,10
331,9
331,10
331,11
331,12
331,13
335,11
335,12
335,13
336,17
336,18
336,19
336,20
336,21
336,22
336,23
337,6
337,7
337,8
338,3
338,5
345,3
345,4
345,5
345,6
346,6
346,8
350,3
350,4
352,6
352,8
353,6
357,23
362,11
362,12
362,13
363,10
363,11
363,12
363,13
371,9
371,10
371,11
371,12
371,13
373,12
373,13
376,9
376,10
376,11
376,12
376,13
378,14
378,15
378,16
380,7
380,8
380,9
380,10
384,3
384,4
384,5
390,14
390,15
390,16
392,17
394,18
394,19
394,23
404,17
406,17
406,18
406,19
406,20
406,21
406,22
406,23
408,3
408,4
411,3
411,4
413,14
413,15
413,16
414,10
414,11
414,12
414,13
417,1
417,2
422,6
423,6
423,8
423,10
425,1
425,2
427,6
429,3
429,4
432,1
432,2
433,14
433,15
433,16
438,6
438,7
438,8
440,6
440,7
440,8
441,8
441,9
441,10
441,11
446,3
446,4
446,6
450,22
459,3
459,4
467,23
475,5
478,12
478,13
482,9
482,10
484,17
484,18
484,19
484,20
484,21
484,22
484,23
485,1
485,2
485,5
488,17
488,20
488,21
488,22
496,1
496,2
496,5
497,5
505,17
505,18
505,19
505,23
509,11
509,12
509,13
516,17
516,18
516,19
516,20
516,21
516,22
516,23
518,8
518,9
518,10
518,11
522,14
522,15
522,16
526,6
526,7
526,8
527,1
527,2
528,14
528,15
528,16
533,11
533,12
533,13
541,12
541,13
542,9
542,10
542,11
542,12
542,13
544,3
544,4
552,6
552,7
552,8
553,14
553,15
553,16
557,3
557,4
561,18
561,19
561,23
563,6
563,7
563,8
567,6
573,8
573,9
573,10
581,9
581,10
581,11
582,6
583,3
583,4
583,5
584,17
584,22
590,18
590,19
590,23
593,5
596,1
596,2
601,6
608,6
612,15
613,6
615,14
615,15
615,16
623,17
623,20
623,21
623,22
628,6
630,5
632,11
632,12
632,13
639,10
640,3
640,4
642,15
642,16
645,3
645,4
645,5
647,6
647,7
648,3
648,4
648,5
650,8
650,9
650,10
650,11
652,8
652,9
652,10
652,11
653,11
653,12
653,13
656,3
656,4
658,6
666,1
667,8
667,9
667,10
667,11
673,17
675,17
675,20
675,21
675,22
676,14
676,16
677,1
677,2
679,6
679,7
680,17
681,8
681,9
681,10
681,11
684,1
684,2
685,3
685,4
685,5
691,17
691,18
691,19
691,20
691,21
691,22
691,23
694,5
695,7
695,8
695,9
695,10
696,11
703,9
703,10
703,11
703,12
703,13
707,11
707,12
707,13
711,17
711,18
711,19
711,20
711,21
711,22
711,23
712,9
712,11
712,12
712,13
713,17
713,20
713,21
713,22
714,7
714,8
714,9
714,10
716,1
716,2
726,17
726,18
726,19
726,20
726,21
726,23
729,14
729,15
729,16
734,15
734,16
743,17
745,11
745,12
745,13
752,6
754,17
754,22
756,1
756,2
757,6
765,3
765,4
765,5
767,5
773,11
773,12
773,13
780,15
780,16
784,18
784,19
784,23
787,3
787,4
787,5
789,3
789,4
790,3
790,4
791,11
791,12
791,13
792,7
792,8
792,9
792,10
798,3
798,4
805,1
805,2
811,17
811,18
811,19
811,20
811,21
811,22
811,23
816,12
816,13
817,11
828,5
829,17
829,18
829,19
829,23
832,17
834,3
834,4
834,5
837,6
839,16
843,3
843,4
846,3
846,4
847,1
847,2
852,3
852,4
852,6
853,3
853,4
853,5
854,3
854,4
854,5
860,5
867,6
867,7
868,11
868,12
868,13
872,13
878,11
878,12
878,13
879,14
879,15
879,16
884,17
884,18
884,19
884,23
885,1
885,2
885,5
886,3
886,4
886,5
893,11
893,12
893,13
894,9
894,10
894,11
895,9
895,10
895,11
895,12
895,13
901,9
901,11
901,12
901,13
902,14
902,15
902,16
905,3
905,4
910,15
914,6
922,3
922,4
927,17
927,18
927,19
927,20
927,21
927,23
933,3
933,4
934,5
938,5
943,17
943,18
943,19
943,20
943,21
943,22
943,23
953,14
953,16
959,13
962,6
962,8
962,10
972,11
972,12
972,13
976,12
976,13
979,3
979,4
979,5
980,17
980,18
980,19
980,23
983,3
983,4
990,6
990,7
990,8
991,9
991,10
991,11
991,12
991,13
995,16
996,14
996,15
996,16
1001,17
1001,20
1001,21
1001,22
1002,7
1002,8
1002,9
1002,10
1005,5
1006,6
1006,8
1007,9
1007,10
1007,11
1007,12
1007,13
1010,3
1010,4
1010,5
1012,2
1012,5
1015,3
1015,4
1015,5
1020,6
1024,9
1024,10
1024,11
1024,12
1024,13
1030,12
1030,13
1031,6
1031,7
1033,6
1033,7
1034,17
1035,6
1035,7
1035,8
1049,8
1049,9
1049,10
1050,14
1050,15
1050,16
1054,3
1054,4
1056,10
1056,11
1056,12
1056,13
1059,17
1059,18
1059,19
1059,20
1059,21
1059,22
1059,23
1060,6
1064,6
1064,7
1064,8
1067,18
1067,19
1067,23
1068,9
1068,10
1068,11
1068,12
1068,13
1070,6
1070,8
1070,10
1071,1
1071,2
1075,7
1075,8
1075,9
1075,10
1076,12
1076,13
1078,9
1078,10
1078,11
1078,12
1078,13
1087,11
1087,12
1087,13
1089,9
1089,10
1089,11
1089,12
1089,13
1090,3
1090,4
1092,17
1092,20
1092,21
1092,22
1093,6
1093,7
1093,8
1096,1
1096,2
1096,5
1100,18
1100,19
1100,23
1104,5
1111,14
1111,15
1111,16
1117,3
1117,4
1117,5
1118,5
1119,11
1119,12
1119,13
1127,1
1127,2
1130,17
1136,2
1136,5
1140,11
1140,12
1140,13
1142,6
1144,10
1144,11
1144,12
1144,13
1147,3
1147,4
1151,14
1151,16
1156,8
1156,9
1156,10
1157,6
1161,9
1161,10
1161,11
1161,12
1161,13
1162,14
1162,15
1162,16
1164,6
1165,17
1165,18
1165,19
1165,20
1165,21
1165,22
1165,23
1167,3
1167,4
1171,11
1171,12
1171,13
1175,6
1177,17
1177,23
1182,3
1182,4
1188,10
1192,11
1192,12
1192,13
1196,18
1196,19
1196,23
1199,14
1199,15
1199,16
1204,15
1207,10
1211,6
1211,7
1211,8
1215,3
1215,4
1219,7
1219,8
1219,9
1219,10
1221,5
1225,6
1226,1
1226,2
1226,5
1229,17
1229,18
1229,19
1229,20
1229,21
1229,23
1230,11
1230,12
1230,13
1237,5
1240,17
1240,18
1240,19
1240,20
1240,21
1240,22
1240,23
1248,17
1252,9
1252,10
1252,11
1252,12
1252,13
1253,8
1253,9
1253,10
1253,11
1260,3
1260,4
1260,5
1265,3
1265,4
1265,5
1268,17
1268,20
1268,21
1268,22
1273,6
1273,7
1273,8
1277,17
1277,18
1277,19
1277,20
1277,21
1277,22
1277,23
1279,3
1279,4
1287,11
1287,12
1287,13
1289,5
1290,12
1290,13
1293,15
1295,9
1295,10
1295,11
1295,12
1295,13
1298,12
1298,13
1302,17
1302,18
1302,19
1302,20
1302,21
1302,22
1302,23
1303,8
1303,9
1303,10
1303,11
1304,11
1304,12
1304,13
1305,5
1309,12
1309,13
1310,23
1311,3
1311,4
1312,6
1312,7
1312,8
1316,3
1316,4
1322,3
1322,4
1322,5
1322,6
1325,8
1325,9
1325,10
1325,11
1328,11
1328,12
1328,13
1330,5
1331,3
1331,4
1331,5
1335,18
1335,19
1335,23
1336,17
1336,18
1336,19
1336,20
1336,21
1336,22
1336,23
1337,7
1337,8
1337,9
1337,10
1339,16
1340,6
1340,7
1340,8
1344,17
1344,18
1344,19
1344,23
1345,11
1345,12
1345,13
1346,6
1350,7
1350,8
1350,9
1350,10
1355,3
1355,4
1355,5
1356,11
1356,12
1356,13
1359,11
1359,12
1359,13
1360,6
1360,8
1362,6
1362,7
1362,8
1367,15
1372,3
1372,4
1372,6
1381,6
1384,1
1384,2
1391,6
1391,7
1391,8
1392,14
1392,15
1392,16
1401,3
1401,4
1401,5
1403,11
1403,12
1403,13
1404,6
1406,18
1406,19
1406,23
1409,6
1411,18
1411,19
1411,23
1415,6
1420,17
1420,18
1420,19
1420,20
1420,21
1420,22
1420,23
1422,6
1424,3
1424,4
1424,6
1434,9
1434,10
1434,11
1434,12
1434,13
1437,17
1437,20
1437,21
1437,22
1439,14
1439,15
1439,16
1443,12
1443,13
1446,11
1450,17
1463,8
1463,9
1463,10
1463,11
1464,14
1464,15
1464,16
1466,18
1466,19
1466,23
1467,17
1467,18
1467,19
1467,20
1467,21
1467,22
1467,23
1472,9
1472,11
1472,12
1472,13
1473,19
1473,23
1474,17
1474,18
1474,19
1474,20
1474,21
1474,22
1474,23
1475,5
1476,1
1476,2
1480,18
1480,19
1480,23
1481,6
1482,3
1482,4
1482,5
1483,17
1488,10
1489,17
1489,18
1489,19
1489,20
1489,21
1489,22
1489,23
1490,6
1495,6
1495,7
1495,8
1496,3
1496,4
1497,6
1501,14
1501,15
1501,16
1510,1
1510,2
1510,5
1511,6
1515,17
1515,18
1515,19
1515,23
1517,14
1517,15
1517,16
1520,9
1520,10
1520,11
1523,1
1523,2
1523,5
1524,11
1524,12
1524,13
1525,23
1530,3
1530,4
1530,6
1542,23
1544,3
1544,4
1545,11
1545,12
1545,13
1546,10
1546,11
1553,17
1553,18
1553,19
1553,20
1553,21
1553,22
1553,23
1555,12
1555,13
1556,5
1562,18
1562,19
1562,23
1567,3
1567,4
1567,5
1570,3
1570,4
1571,18
1571,19
1571,23
1572,3
1572,4
1573,1
1573,2
1573,5
1579,1
1579,2
1580,17
1580,23
1581,12
1581,13
1584,3
1584,4
1584,5
1587,1
1587,2
1590,1
1593,17
1593,18
1593,19
1593,23
1595,9
1595,10
1595,11
1595,12
1595,13
1599,6
1599,7
1599,8
1603,14
1603,15
1603,16
1605,17
1605,18
1605,19
1605,20
1605,21
1605,22
1605,23
1608,1
1616,12
1616,13
1620,10
1621,6
1622,14
1622,15
1622,16
1623,17
1623,18
1623,19
1623,20
1623,21
1623,22
1623,23
1624,9
1624,10
1624,11
1624,12
1624,13
1630,6
1630,7
1630,8
1636,17
1636,18
1636,19
1636,20
1636,21
1636,22
1636,23
1637,11
1637,12
1637,13
1640,14
1640,16
1641,17
1641,22
1643,14
1643,15
1643,16
1644,5
1648,3
1648,4
1648,5
1651,1
1651,2
1652,9
1652,10
1652,11
1652,12
1652,13
1654,14
1654,15
1654,16
1655,5
1655,6
1656,15
1657,1
1657,2
1660,14
1660,15
1660,16
1662,11
1662,12
1662,13
1666,3
1666,4
1667,6
1673,17
1673,18
1673,19
1673,20
1673,21
1673,22
1673,23
1675,17
1675,18
1675,19
1675,20
1675,21
1675,22
1675,23
1679,3
1679,4
1680,12
1680,13
1681,17
1681,18
1681,19
1681,20
1681,21
1681,22
1681,23
1682,10
1684,15
1685,12
1685,13
1686,11
1686,12
1686,13
1687,17
1687,18
1687,19
1687,20
1687,21
1687,22
1687,23
1688,10
1695,14
1695,15
1695,16
1697,18
1697,19
1697,23
1701,17
1701,18
1701,19
1701,23
1703,8
1703,9
1703,10
1713,6
1713,7
1713,8
1714,3
1714,4
1715,3
1715,4
1715,5
1716,1
1716,2
1722,7
1722,8
1722,9
1724,3
1724,4
1724,6
1727,10
1730,12
1730,13
1731,18
1731,19
1731,23
1735,17
1737,3
1737,4
1742,3
1742,4
1742,5
1744,7
1744,8
1744,9
1744,10
1754,17
1755,2
1755,5
1757,6
1760,6
1760,7
1760,8
1760,9
1760,10
1763,17
1763,18
1763,19
1763,20
1763,21
1763,23
1766,3
1766,4
1766,5
1767,3
1767,4
1769,17
1769,18
1769,19
1769,20
1769,21
1769,22
1769,23
1773,3
1773,4
1773,5
1777,17
1785,9
1785,10
1785,11
1785,12
1785,13
1790,2
1790,5
1798,17
1798,18
1798,19
1798,23
1802,8
1802,10
1803,14
1803,15
1803,16
1804,9
1804,10
1804,11
1804,12
1807,1
1807,2
1808,14
1808,15
1808,16
1823,7
1823,8
1823,9
1823,10
1825,6
1826,5
1830,14
1830,15
1830,16
1831,6
1831,7
1831,8
1831,9
1831,10
1833,14
1833,16
1836,1
1836,2
1839,8
1839,9
1839,10
1842,17
1845,17
1845,18
1845,19
1845,20
1845,21
1845,22
1845,23
1849,3
1849,4
1852,6
1853,6
1853,7
1853,8
1855,14
1855,15
1855,16
1858,14
1858,15
1858,16
1859,6
1859,8
1860,15
1861,11
1861,12
1861,13
1862,6
1865,6
1865,7
1865,8
1870,6
1872,9
1872,10
1872,11
1872,12
1872,13
1873,6
1889,6
1889,8
1892,15
1894,6
1897,6
1901,9
1901,10
1901,11
1901,12
1901,13
1903,6
1903,8
1911,11
1911,12
1911,13
1913,3
1913,4
1916,14
1916,15
1916,16
1917,2
1917,5
1918,16
1919,7
1919,8
1919,9
1919,10
1922,14
1922,15
1922,16
1933,17
1933,22
1935,17
1935,18
1935,19
1935,20
1935,21
1935,23
1945,3
1945,4
1951,3
1951,4
1953,1
1953,2
1965,5
1966,11
1966,12
1966,13
1969,18
1969,19
1969,23
1974,6
1976,6
1976,7
1976,8
1980,11
1980,12
1980,13
1981,9
1981,10
1981,11
1981,12
1981,13
1989,9
1989,10
1989,11
1994,5
1994,6
1998,3
1998,4
1999,3
1999,4
1999,6
2000,1
2000,2
2000,5
2005,3
2005,4
2007,18
2007,19
2007,23
2013,17
2013,20
2013,21
2013,22
2025,17
2025,18
2025,19
2025,20
2025,21
2025,22
2025,23
2026,18
2026,19
2026,23
2028,12
2028,13
2029,6
2029,7
2029,8
2035,8
2035,9
2035,10
2035,11
2036,6
2036,7
2036,8
2037,23
2038,17
2038,20
2038,21
2038,22
2039,6
2043,3
2043,4
2043,5
2046,3
2046,4
2047,17
2047,18
2047,19
2047,20
2047,21
2047,22
2047,23
2049,14
2049,15
2049,16
2054,6
2059,10
2061,5
2061,6
2071,12
2071,13
2072,14
2072,15
2072,16
2075,6
2086,6
2094,17
2094,22
2096,8
2096,9
2096,10
2096,11
2097,6
2097,7
2097,8
2106,6
2106,7
2106,8
2107,8
2107,9
2107,10
2107,11
2110,6
2114,9
2114,11
2114,12
2114,13
2116,17
2116,18
2116,19
2116,20
2116,21
2116,22
2116,23
2119,6
2120,1
2122,3
2122,4
2122,6
2123,6
2123,7
2123,8
2124,7
2124,8
2124,9
2124,10
2126,12
2126,13
2128,17
2128,18
2128,19
2128,23
2130,17
2130,20
2130,21
2130,22
2142,14
2142,15
2142,16
2146,1
2146,2
2148,6
2153,6
2156,14
2156,15
2156,16
2158,17
2158,20
2158,21
2158,22
2161,6
2161,8
2163,3
2163,4
2163,5
2167,17
2167,18
2167,19
2167,20
2167,21
2167,22
2167,23
2171,3
2171,4
2171,5
2173,3
2173,4
2175,5
2177,10
2177,11
2177,12
2177,13
2180,8
2180,9
2180,10
2180,11
2187,10
2187,11
2188,11
2194,1
2194,2
2194,5
2196,14
2196,16
2199,14
2199,15
2199,16
2204,17
2204,20
2204,21
2204,22
2204,23
2205,6
2208,17
2208,18
2208,19
2208,23
2213,7
2213,8
2213,9
2213,10
2218,17
2218,22
2220,6
2220,7
2222,17
2222,22
2223,5
2231,11
2231,12
2231,13
2233,13
2234,17
2236,6
2241,9
2241,10
2241,11
2241,12
2241,13
2243,3
2243,4
2243,5
2249,6
2252,11
2252,12
2252,13
2256,3
2256,4
2259,3
2259,4
2263,12
2263,13
2264,17
2265,17
2265,18
2265,19
2265,23
2267,17
2267,18
2267,19
2267,20
2267,21
2267,22
2267,23
2271,5
2276,14
2276,15
2276,16
2277,11
2277,12
2277,13
2279,6
2285,18
2285,19
2285,23
2286,17
2286,18
2286,19
2286,20
2286,21
2286,22
2286,23
2288,6
2288,7
2288,8
2289,17
2289,18
2289,19
2289,23
2292,3
2292,4
2292,5
2294,6
2299,9
2299,10
2299,11
2299,12
2299,13
2305,11
2305,12
2305,13
2307,10
2309,1
2309,2
2309,5
2312,17
2312,18
2312,19
2312,20
2312,21
2312,22
2312,23
2315,11
2315,12
2315,13
2318,14
2318,15
2318,16
2319,17
2319,18
2319,19
2319,20
2319,21
2319,22
2319,23
2322,1
2322,2
2323,9
2323,10
2323,11
2328,12
2328,13
2329,18
2329,19
2329,23
2330,17
2330,18
2330,19
2330,20
2330,21
2330,22
2330,23
2331,17
2331,18
2331,19
2331,20
2331,21
2331,23
2332,6
2333,11
2340,14
2340,15
2340,16
2342,15
2343,3
2343,4
2348,9
2348,10
2348,11
2348,12
2351,14
2351,15
2351,16
2352,14
2352,15
2352,16
2353,1
2353,2
2356,14
2356,15
2356,16
2358,11
2358,12
2358,13
2360,14
2360,16
2361,6
2365,3
2365,4
2366,3
2366,4
2366,5
2367,17
2368,17
2369,9
2369,10
2369,11
2378,6
2385,11
2385,12
2385,13
2387,13
2389,14
2389,15
2389,16
2397,3
2397,4
2397,5
2401,3
2401,4
2403,14
2403,15
2403,16
2405,3
2405,4
2405,5
2412,22
2414,6
2422,17
2425,1
2429,11
2429,12
2429,13
2434,3
2434,4
2434,5
2434,6
2437,9
2437,10
2437,11
2437,12
2437,13
2439,12
2439,13
2441,3
2441,4
2441,5
2442,11
2442,12
2442,13
2445,8
2445,9
2445,10
2445,11
2452,6
2454,5
2460,14
2460,15
2460,16
2466,8
2466,9
2466,10
2467,17
2467,18
2467,19
2467,20
2467,21
2467,22
2467,23
2471,14
2471,16
2472,7
2472,8
2472,9
2472,10
2478,1
2478,2
2481,3
2481,4
2481,5
2482,6
2486,3
2486,4
2494,12
2494,13
2498,3
2498,4
2500,5
2501,6
2502,17
2505,5
2506,23
2509,14
2509,15
2509,16
2510,6
2510,7
2510,8
2511,1
2512,10
2514,6
2514,7
2514,8
2515,6
2518,1
2518,2
2521,3
2521,4
2521,5
2527,3
2527,4
2535,6
2537,8
2537,9
2537,10
2539,6
2539,7
2539,8
2541,12
2541,13
2542,6
2542,7
2542,8
2545,3
2545,4
2545,5
2548,14
2548,15
2548,16
2550,18
2550,19
2550,23
2551,17
2551,18
2551,19
2551,20
2551,21
2551,22
2551,23
2552,3
2552,4
2552,5
2557,17
2557,18
2557,19
2557,20
2557,21
2557,22
2557,23
2558,6
2560,12
2560,13
2562,6
2562,7
2562,8
2565,6
2566,3
2566,4
2566,5
2568,3
2568,4
2568,5
2572,14
2572,15
2572,16
2575,10
2575,11
2575,12
2575,13
2576,12
2576,13
2579,17
2580,6
2580,7
2580,8
2583,6
2583,7
2586,6
2586,7
2586,8
2589,14
2589,15
2589,16
2590,17
2590,18
2590,19
2590,20
2590,21
2590,23
2591,17
2592,17
2592,23
2593,3
2593,4
2593,5
2594,6
2594,7
2595,10
2598,11
2598,12
2598,13
2603,6
2603,7
2605,6
2607,1
2607,2
2613,17
2613,20
2613,21
2613,22
2620,8
2620,9
2620,10
2621,10
2628,18
2628,19
2628,23
2631,9
2631,10
2631,11
2631,12
2632,3
2632,4
2632,5
2636,14
2636,15
2636,16
2642,12
2642,13
2643,14
2643,15
2643,16
2644,18
2644,19
2644,23
2646,6
2646,7
2646,8
2647,3
2647,4
2649,18
2649,19
2649,23
2650,3
2650,4
2654,11
2654,12
2654,13
2658,17
2658,18
2658,19
2658,20
2658,21
2658,22
2658,23
2660,5
2662,3
2662,4
2665,6
2666,9
2666,10
2666,11
2666,12
2666,13
2670,6
2674,11
2674,12
2682,6
2682,7
2682,8
2685,11
2685,12
2685,13
2687,11
2687,12
2692,1
2694,18
2694,19
2694,23
2698,1
2698,2
2705,6
2705,7
2705,8
2707,11
2707,12
2707,13
2708,8
2708,9
2708,10
2709,6
2717,8
2717,9
2717,10
2717,11
2721,3
2721,4
2724,14
2724,15
2724,16
2725,1
2726,22
2731,10
2732,9
2732,10
2732,11
2741,17
2741,18
2741,19
2741,23
2747,17
2747,18
2747,19
2747,23
2749,8
2749,10
2754,6
2755,18
2755,19
2755,23
2756,1
2756,2
2759,3
2759,4
2760,7
2760,8
2760,9
2760,10
2764,8
2764,9
2764,10
2764,11
2770,6
2770,7
2770,8
2776,5
2778,17
2778,18
2778,19
2778,20
2778,21
2778,23
2779,17
2779,18
2779,19
2779,20
2779,21
2779,22
2779,23
2781,12
2781,13
2784,15
2785,10
2786,6
2787,17
2788,6
2790,17
2790,18
2790,19
2790,20
2790,21
2790,22
2790,23
2798,23
2799,3
2799,4
2800,3
2800,4
2802,23
2805,18
2805,19
2805,23
2806,6
2806,7
2806,8
2813,17
2813,22
2814,11
2814,12
2814,13
2815,3
2815,4
2815,5
2816,17
2816,20
2816,21
2816,22
2821,6
2821,7
2821,8
2821,10
2825,3
2825,5
2826,17
2826,20
2826,21
2826,22
2828,3
2828,4
2828,6
2830,6
2832,6
2832,7
2832,8
2834,8
2834,9
2834,10
2838,6
2846,6
2846,7
2846,8
2847,6
2848,17
2848,18
2848,19
2848,23
2852,17
2852,23
2854,8
2854,9
2854,10
2855,6
2856,3
2856,4
2856,5
2860,14
2860,15
2860,16
2861,14
2861,15
2861,16
2863,11
2863,12
2863,13
2865,5
2868,1
2868,2
2872,6
2874,14
2874,15
2874,16
2875,6
2879,1
2879,2
2883,6
2884,6
2884,7
2884,8
2885,5
2887,3
2887,4
2888,6
2888,7
2888,8
2890,6
2898,9
2898,10
2898,11
2901,8
2901,9
2901,10
2905,3
2905,4
2905,5
2906,6
2909,3
2909,4
2909,5
2910,3
2910,4
2916,3
2916,4
2916,5
2917,17
2917,20
2917,21
2917,22
2922,10
2922,11
2924,3
2924,4
2924,5
2927,6
2934,14
2934,15
2934,16
2935,6
2935,7
2935,8
2936,17
2936,18
2936,19
2936,20
2936,21
2936,23
2938,19
2938,23
2941,3
2941,4
2942,10
2944,1
2944,2
2945,9
2945,10
2945,11
2946,17
2946,18
2946,20
2946,21
2946,22
2949,7
2949,8
2949,9
2949,10
2951,3
2951,4
2954,6
2954,7
2954,8
2957,9
2957,11
2957,12
2957,13
2961,5
2965,18
2965,19
2965,23
2967,6
2973,9
2973,10
2982,3
2982,4
2983,1
2983,2
2983,5
2984,17
2984,18
2984,19
2984,20
2984,21
2984,22
2984,23
2985,6
2985,7
2985,8
2989,10
2989,11
2989,12
2989,13
2993,10
2993,11
2999,14
2999,15
2999,16
3000,17
3000,18
3000,19
3000,20
3000,21
3000,22
3000,23
3004,18
3004,19
3004,23
3005,5
3011,17
3011,18
3011,19
3011,23
3016,6
3016,7
3016,8
3019,1
3019,2
3021,12
3021,13
3026,13
3029,10
3038,3
3038,4
3038,5
3039,1
3040,6
3040,7
3040,8
3053,6
3053,7
3053,8
3054,3
3054,4
3059,17
3059,18
3059,19
3059,23
3060,8
3060,9
3060,10
3060,11
3061,10
3064,18
3064,19
3064,23
3071,18
3071,19
3071,23
3089,8
3089,9
3089,10
3089,11
3097,17
3097,18
3097,19
3097,20
3097,21
3097,23
3100,12
3100,13
3102,6
3102,7
3102,8
3103,6
3103,7
3107,3
3107,4
3108,5
3110,6
3115,10
3116,3
3116,4
3116,5
3117,12
3117,13
3121,6
3121,7
3121,8
3123,14
3123,15
3123,16
3124,14
3124,15
3124,16
3128,3
3128,4
3135,7
3135,8
3135,9
3135,10
3137,3
3137,4
3138,3
3138,4
3144,6
3145,12
3145,13
3146,13
3147,6
3147,7
3147,8
3156,18
3156,19
3156,23
3157,5
3158,17
3158,18
3158,19
3158,20
3158,21
3158,23
3164,3
3164,4
3169,3
3169,4
3172,3
3172,4
3186,3
3186,4
3186,5
3188,17
3188,22
3191,17
3191,20
3191,21
3191,22
3193,17
3193,18
3193,19
3193,20
3193,21
3193,22
3193,23
3196,3
3196,4
3199,6
3199,8
3200,3
3200,4
3200,5
3204,17
3204,20
3204,21
3204,22
3205,1
3208,11
3208,12
3208,13
3211,11
3211,12
3211,13
3213,10
3214,6
3215,6
3216,3
3216,4
3217,11
3217,12
3217,13
3222,15
3223,3
3223,4
3223,5
3229,14
3229,15
3229,16
3233,9
3233,10
3233,11
3233,12
3233,13
3239,3
3239,4
3239,5
3242,1
3242,2
3248,9
3248,10
3248,11
3249,11
3249,12
3249,13
3250,1
3256,11
3256,12
3256,13
3258,18
3258,19
3258,23
3261,6
3261,7
3261,8
3263,5
3265,6
3265,8
3266,5
3269,6
3269,7
3269,8
3271,17
3271,23
3275,14
3275,15
3275,16
3279,1
3279,2
3280,3
3280,4
3280,5
3281,17
3281,18
3281,19
3281,23
3285,6
3291,6
3291,7
3291,8
3292,10
3296,6
3296,7
3296,8
3296,10
3297,1
3297,2
3303,6
3303,7
3303,8
3304,14
3304,15
3304,16
3305,3
3305,4
3307,16
3310,17
3310,23
3312,11
3312,12
3312,13
3320,10
3320,11
3324,14
3324,15
3324,16
3325,7
3325,8
3329,17
3329,18
3329,19
3329,20
3329,21
3329,22
3329,23
3343,3
3343,4
3343,6
3354,6
3355,3
3355,4
3359,3
3359,4
3363,17
3363,18
3363,19
3363,20
3363,21
3363,22
3363,23
3365,1
3365,2
3367,3
3367,4
3372,9
3372,10
3372,11
3372,12
3372,13
3375,7
3375,8
3375,9
3375,10
3378,6
3379,6
3380,18
3380,19
3380,23
3388,14
3388,16
3395,6
3395,7
3395,8
3402,6
3403,18
3403,19
3403,23
3404,1
3404,2
3405,14
3405,16
3407,17
3407,18
3407,19
3407,20
3407,21
3407,23
3408,9
3408,10
3408,11
3408,12
3408,13
3410,6
3410,7
3410,8
3411,17
3411,18
3411,19
3411,20
3411,21
3411,22
3411,23
3416,5
3417,3
3417,4
3417,5
3419,12
3419,13
3421,1
3423,12
3423,13
3424,14
3424,15
3424,16
3428,6
3428,7
3428,8
3433,5
3437,6
3437,7
3437,8
3442,17
3442,20
3442,21
3442,22
3443,14
3443,15
3443,16
3445,14
3445,15
3445,16
3448,17
3448,18
3448,19
3448,20
3448,21
3448,22
3448,23
3451,14
3451,16
3458,6
3461,3
3461,4
3461,5
3463,10
3470,12
3470,13
3477,3
3477,4
3477,6
3478,6
3483,3
3483,4
3483,5
3485,6
3491,9
3491,10
3491,11
3494,6
3495,3
3495,4
3506,3
3506,4
3507,3
3507,4
3520,12
3520,13
3522,14
3522,16
3523,7
3523,8
3523,9
3523,10
3524,6
3525,15
3527,6
3527,7
3527,8
3529,1
3529,2
3536,1
3536,2
3540,3
3540,4
3540,5
3541,3
3541,4
3544,7
3544,8
3544,9
3544,10
3545,9
3545,10
3545,11
3545,12
3545,13
3548,9
3548,10
3548,11
3548,12
3548,13
3549,3
3549,4
3550,6
3551,1
3551,2
3552,1
3552,2
3554,3
3554,4
3554,5
3557,3
3557,4
3565,6
3568,9
3568,10
3568,11
3571,17
3571,18
3571,19
3571,23
3572,11
3572,12
3572,13
3575,12
3575,13
3577,17
3577,18
3577,19
3577,20
3577,21
3577,22
3577,23
3578,17
3578,18
3578,19
3578,20
3578,21
3578,22
3578,23
3583,3
3583,4
3583,5
3584,3
3584,4
3588,11
3593,6
3593,7
3597,8
3597,9
3597,10
3597,11
3598,6
3599,14
3599,15
3599,16
3600,11
3600,12
3600,13
3602,3
3602,4
3603,1
3603,2
3603,5
3608,3
3608,5
3609,10
3609,11
3612,17
3612,18
3612,19
3612,20
3612,21
3612,22
3612,23
3615,9
3615,10
3615,11
3615,12
3615,13
3619,15
3621,7
3621,8
3621,9
3621,10
3630,14
3630,15
3630,16
3631,18
3631,19
3631,23
3639,6
3639,7
3639,8
3640,3
3640,4
3642,14
3642,15
3642,16
3643,3
3643,4
3643,5
3643,6
3644,6
3644,8
3644,10
3649,6
3656,3
3656,4
3656,5
3659,9
3659,10
3659,11
3659,12
3659,13
3660,6
3665,3
3665,4
3667,10
3670,17
3670,22
3672,11
3672,12
3672,13
3674,17
3674,20
3674,21
3674,22
3680,9
3680,11
3680,12
3680,13
3685,6
3685,7
3685,8
3688,11
3688,12
3688,13
3691,3
3691,4
3691,5
3695,6
3695,7
3695,8
3707,8
3707,9
3707,10
3711,6
3712,6
3712,7
3712,8
3715,1
3715,2
3715,5
3716,9
3716,10
3716,11
3720,11
3720,12
3720,13
3725,17
3725,22
3731,6
3731,7
3731,8
3731,10
3733,3
3733,4
3733,5
3734,14
3734,15
3734,16
3738,6
3739,3
3739,4
3740,12
3740,13
3744,6
3746,17
3746,20
3746,21
3746,22
3748,10
3748,11
3749,3
3749,4
3751,17
3751,18
3751,19
3751,20
3751,21
3751,22
3751,23
3755,3
3755,4
3760,17
3760,20
3760,21
3760,22
3760,23
3762,14
3762,15
3762,16
3765,3
3765,4
3766,6
3774,14
3774,15
3774,16
3777,17
3777,20
3777,21
3777,22
3789,10
3789,11
3794,11
3794,12
3794,13
3795,12
3795,13
3798,3
3798,4
3798,5
3801,14
3801,15
3801,16
3806,17
3807,18
3807,19
3807,23
3808,17
3814,7
3814,8
3814,9
3814,10
3816,14
3816,15
3816,16
3819,17
3819,18
3819,19
3819,20
3819,21
3819,22
3819,23
3823,3
3823,4
3823,5
3826,3
3826,4
3827,3
3827,4
3827,5
3828,3
3828,4
3830,9
3830,10
3830,11
3830,12
3830,13
3833,17
3833,23
3836,9
3836,10
3836,11
3836,12
3836,13
3845,17
3845,18
3845,19
3845,20
3845,21
3845,22
3845,23
3846,12
3846,13
3847,14
3847,15
3847,16
3848,8
3848,9
3848,10
3848,11
3849,6
3849,7
3849,8
3850,18
3850,19
3850,23
3858,3
3858,4
3862,17
3863,6
3863,7
3863,8
3873,3
3873,4
3873,5
3874,7
3874,8
3874,9
3874,10
3879,17
3879,20
3879,21
3879,22
3881,16
3882,7
3882,8
3882,9
3882,10
3889,6
3889,7
3889,8
3893,3
3893,4
3893,5
3894,11
3894,12
3894,13
3895,7
3895,8
3895,9
3895,10
3896,8
3896,10
3898,16
3900,14
3900,15
3900,16
3902,9
3902,10
3903,6
3903,7
3903,8
3903,10
3909,14
3909,15
3909,16
3911,18
3911,19
3911,23
3916,12
3916,13
3917,6
3917,7
3917,8
3917,10
3923,6
3923,7
3923,8
3925,6
3926,6
3929,3
3929,4
3930,17
3931,3
3931,4
3931,5
3936,1
3936,2
3937,11
3937,12
3937,13
3938,14
3938,15
3938,16
3942,3
3942,4
3943,3
3943,4
3943,5
3945,11
3945,12
3945,13
3946,17
3947,1
3947,2
3954,17
3954,18
3954,19
3954,20
3954,21
3954,22
3954,23
3958,3
3958,4
3958,5
3960,6
3960,7
3963,10
3963,11
3970,14
3970,15
3970,16
3971,14
3971,15
3971,16
3972,3
3972,4
3974,17
3974,18
3974,19
3974,20
3974,21
3974,22
3974,23
3975,6
3976,3
3976,4
3978,6
3980,11
3980,12
3980,13
3982,3
3982,4
3982,5
3985,14
3985,15
3985,16
3986,3
3986,4
3986,5
3988,9
3988,10
3988,11
3988,12
3988,13
3989,6
3991,3
3991,4
3994,8
3994,9
3994,10
3995,5
4002,9
4002,10
4002,11
4002,12
4002,13
4007,17
4007,18
4007,19
4007,23
4011,17
4011,18
4011,19
4011,20
4011,21
4011,22
4011,23
4013,11
4013,12
4013,13
4022,17
4022,18
4022,19
4022,20
4022,21
4022,22
4022,23
4027,6
4027,7
4028,15
4029,1
4029,2
4029,5
4033,3
4033,4
4036,11
4036,12
4036,13
4049,6
4049,7
4049,8
4049,10
4050,5
4051,7
4051,8
4051,9
4051,10
4053,14
4053,15
4053,16
4054,3
4054,4
4054,5
4056,22
4057,6
4063,17
4065,8
4065,9
4065,10
4065,11
4066,17
4066,18
4066,19
4066,20
4066,21
4066,22
4066,23
4067,3
4067,4
4069,6
4069,7
4069,8
4074,17
4074,18
4074,19
4074,20
4074,21
4074,23
4078,11
4082,14
4082,15
4082,16
4083,1
4083,2
4084,6
4084,7
4084,8
4086,9
4086,10
4086,11
4086,12
4086,13
4087,6
4088,7
4088,8
4088,9
4088,10
4106,3
4106,4
4106,5
4107,5
4108,23
4109,6
4109,7
4109,8
4109,10
4110,18
4110,19
4110,23
4112,1
4112,2
4115,10
4120,17
4120,18
4120,19
4120,23
4123,12
4123,13
4126,1
4126,2
4133,1
4133,2
4133,5
4135,16
4155,6
4156,6
4157,3
4157,4
4160,6
4160,7
4162,3
4162,4
4165,3
4165,4
4165,5
4169,12
4169,13
4172,3
4172,4
4172,5
4177,6
4177,7
4177,8
4183,17
4183,18
4183,19
4183,20
4183,21
4183,23
4186,6
4186,7
4186,8
4188,23
4190,14
4190,15
4190,16
4194,6
4194,7
4205,2
4205,5
4206,5
4206,6
4211,17
4211,18
4211,19
4211,20
4211,21
4211,23
4213,11
4213,12
4213,13
4221,9
4221,10
4221,11
4225,3
4225,4
4227,3
4227,4
4229,17
4229,20
4229,21
4229,22
4231,14
4231,15
4231,16
4232,10
4235,6
4239,11
4239,12
4239,13
4240,6
4240,7
4244,3
4244,4
4253,12
4253,13
4255,1
4255,2
4258,6
4258,7
4258,8
4262,17
4262,23
4269,11
4269,12
4269,13
4273,11
4273,12
4273,13
4276,8
4276,9
4276,10
4276,11
4279,12
4279,13
4280,6
4284,6
4285,8
4285,9
4285,10
4286,3
4286,4
4287,9
4287,10
4287,11
4289,14
4289,15
4289,16
4296,17
4296,18
4296,19
4296,20
4296,21
4296,22
4296,23
4299,1
4299,2
4302,18
4302,19
4302,23
4307,6
4309,3
4309,4
4309,5
4310,9
4310,10
4310,11
4310,12
4310,13
4313,6
4313,7
4313,8
4317,6
4319,1
4319,2
4322,22
4328,17
4328,18
4328,19
4328,20
4328,21
4328,23
4329,6
4329,7
4329,8
4331,1
4331,2
4332,6
4332,8
4332,10
4335,3
4335,4
4337,6
4338,6
4338,7
4338,8
4343,9
4343,10
4343,11
4343,12
4343,13
4344,17
4347,14
4347,15
4347,16
4351,6
4356,1
4361,3
4361,4
4367,15
4369,12
4369,13
4374,23
4375,3
4375,4
4375,5
4377,17
4377,20
4377,21
4377,22
4379,1
4379,2
4380,18
4380,19
4380,23
4387,6
4388,3
4388,4
4389,6
4390,14
4390,15
4390,16
4394,14
4394,15
4394,16
4396,6
4396,7
4396,8
4396,10
4398,3
4398,4
4406,10
4408,6
4408,7
4408,8
4408,9
4408,10
4412,10
4414,1
4414,2
4418,14
4418,15
4418,16
4427,3
4427,4
4427,5
4431,17
4431,18
4431,19
4431,20
4431,21
4431,22
4431,23
4432,14
4432,16
4434,10
4434,11
4434,12
4434,13
4440,7
4440,8
4440,9
4440,10
4442,15
4444,3
4444,4
4446,17
4446,18
4446,19
4446,20
4446,21
4446,22
4446,23
4450,3
4450,4
4452,9
4452,10
4452,11
4458,3
4458,4
4460,17
4460,20
4460,21
4460,22
4462,6
4463,23
4467,17
4473,16
4474,5
4477,8
4477,9
4477,10
4481,18
4481,19
4481,23
4485,3
4485,4
4486,3
4486,4
4486,5
4493,18
4493,19
4493,23
4494,14
4494,15
4494,16
4499,17
4499,22
4500,14
4500,15
4500,16
4501,3
4501,4
4508,3
4508,4
4508,5
4517,14
4517,15
4517,16
4519,17
4519,22
4524,14
4524,15
4524,16
4531,10
4531,11
4532,3
4532,4
4539,17
4540,12
4540,13
4542,14
4542,15
4542,16
4555,6
4555,7
4561,9
4561,10
4567,11
4567,12
4567,13
4568,3
4568,4
4574,1
4574,2
4575,18
4575,19
4575,23
4577,9
4577,10
4577,11
4577,12
4577,13
4579,11
4579,12
4579,13
4586,16
4588,3
4588,4
4589,5
4589,6
4593,14
4593,15
4593,16
4595,11
4595,12
4595,13
4596,9
4596,10
4596,11
4596,12
4596,13
4598,3
4598,4
4598,5
4601,6
4602,6
4602,7
4602,8
4604,3
4604,4
4609,15
4616,6
4616,7
4616,8
4619,6
4620,17
4620,20
4620,21
4620,22
4624,17
4631,6
4636,17
4636,20
4636,21
4636,22
4639,3
4639,4
4639,5
4640,3
4640,4
4640,5
4641,18
4641,19
4641,23
4648,3
4648,4
4649,17
4649,18
4649,19
4649,20
4649,21
4649,22
4649,23
4651,3
4651,4
4652,14
4652,15
4652,16
4656,6
4660,17
4660,18
4660,19
4660,23
4662,14
4662,15
4662,16
4664,8
4664,9
4664,10
4664,11
4669,8
4669,9
4669,10
4683,12
4683,13
4689,3
4689,4
4691,6
4691,7
4692,8
4692,9
4692,10
4697,5
4701,3
4701,4
4707,17
4709,17
4713,3
4713,4
4713,5
4714,11
4714,12
4714,13
4715,14
4715,16
4726,3
4726,4
4728,17
4728,18
4728,19
4728,23
4729,17
4732,17
4732,18
4732,19
4732,20
4732,21
4732,23
4734,18
4734,19
4734,23
4736,17
4736,20
4736,21
4736,22
4738,10
4738,11
4738,12
4738,13
4740,1
4740,2
4743,14
4743,15
4743,16
4744,6
4748,5
4752,9
4752,10
4752,11
4752,12
4752,13
4753,3
4753,4
4753,5
4755,17
4755,18
4755,19
4755,20
4755,21
4755,23
4758,17
4758,18
4758,19
4758,20
4758,21
4758,22
4758,23
4760,6
4760,8
4763,3
4763,4
4772,14
4772,15
4772,16
4775,3
4775,4
4783,17
4783,18
4783,19
4783,23
4784,23
4789,12
4789,13
4794,6
4796,9
4796,10
4796,11
4798,18
4798,19
4798,23
4803,3
4803,4
4805,14
4805,15
4805,16
4808,17
4808,18
4808,23
4811,17
4811,23
4814,23
4815,6
4815,7
4815,8
4815,10
4819,10
4819,11
4819,12
4819,13
4824,4
4825,6
4827,14
4827,15
4827,16
4828,3
4828,4
4833,11
4833,12
4833,13
4840,17
4840,18
4840,19
4840,20
4840,21
4840,22
4840,23
4843,6
4843,7
4843,8
4843,9
4843,10
4844,9
4844,10
4844,11
4851,12
4851,13
4854,17
4856,3
4856,4
4858,10
4859,14
4859,15
4859,16
4863,1
4863,2
4866,11
4866,12
4866,13
4867,3
4867,4
4870,12
4870,13
4892,3
4892,4
4895,14
4895,15
4895,16
4898,3
4898,4
4899,1
4899,2
4905,8
4905,9
4905,10
4905,11
4911,17
4911,18
4911,19
4911,20
4911,21
4911,22
4911,23
4916,18
4916,19
4916,23
4918,16
4920,18
4920,19
4920,23
4923,12
4923,13
4926,3
4926,4
4935,3
4935,4
4939,3
4939,4
4939,5
4940,17
4940,18
4940,19
4940,23
4942,9
4942,10
4942,11
4943,6
4943,7
4943,8
4944,7
4944,8
4944,9
4944,10
4945,14
4945,15
4945,16
4946,1
4946,2
4950,3
4950,4
4955,12
4955,13
4957,10
4965,14
4965,15
4965,16
4966,3
4966,4
4968,8
4968,9
4968,10
4971,11
4971,12
4971,13
4973,14
4973,15
4973,16
4975,9
4975,10
4975,11
4975,12
4975,13
4976,14
4976,15
4976,16
4978,7
4978,8
4978,9
4978,10
4982,3
4982,4
4985,17
4989,9
4989,10
4989,11
4989,12
4989,13
4990,14
4990,15
4990,16
4997,12
4997,13
5002,6
5002,7
5002,8
5003,3
5003,4
5005,17
5005,18
5005,19
5005,20
5005,21
5005,22
5005,23
5009,3
5009,4
5010,17
5015,14
5015,15
5015,16
5023,17
5023,18
5023,19
5023,20
5023,21
5023,23
5029,12
5029,13
5035,3
5035,4
5035,5
5040,6
5041,3
5041,4
5043,5
5044,3
5044,4
5046,17
5046,18
5046,19
5046,20
5046,21
5046,22
5046,23
5047,12
5047,13
5052,3
5052,4
5054,4
5055,18
5055,19
5055,23
5058,10
5058,11
5058,12
5058,13
5059,17
5059,20
5059,21
5059,22
5060,14
5060,15
5060,16
5061,12
5061,13
5062,7
5062,8
5062,9
5062,10
5063,6
5064,11
5064,12
5064,13
5066,17
5066,18
5066,19
5066,23
5075,6
5077,13
5080,12
5080,13
5083,9
5083,10
5083,11
5083,12
5083,13
5088,11
5088,12
5088,13
5091,17
5091,18
5091,19
5091,20
5091,21
5091,22
5091,23
5098,6
5098,7
5098,8
5098,10
5103,6
5103,7
5105,17
5105,18
5105,19
5105,20
5105,21
5105,22
5105,23
5106,10
5106,11
5107,3
5107,4
5108,9
5108,10
5108,11
5108,12
5108,13
5109,17
5109,18
5109,19
5109,20
5109,21
5109,22
5109,23
5110,3
5110,4
5119,17
5119,22
5121,14
5121,15
5121,16
5122,3
5122,4
5123,2
5123,5
5124,6
5124,7
5128,9
5128,10
5128,11
5128,12
5128,13
5133,12
5133,13
5139,10
5139,11
5143,11
5143,12
5143,13
5148,3
5148,4
5148,5
5155,7
5155,8
5155,9
5155,10
5165,17
5165,18
5165,19
5165,23
5171,18
5171,19
5171,23
5172,14
5172,15
5172,16
5174,23
5178,3
5178,4
5180,17
5180,20
5180,21
5180,22
5185,14
5185,15
5185,16
5188,12
5188,13
5189,9
5189,10
5189,11
5189,12
5189,13
5191,14
5191,15
5191,16
5194,22
5199,6
5199,7
5199,8
5202,3
5202,4
5202,5
5203,6
5204,1
5204,2
5204,5
5205,18
5205,19
5205,23
5207,6
5209,18
5209,19
5209,23
5217,12
5217,13
5221,14
5221,16
5224,3
5224,4
5226,11
5226,12
5226,13
5229,6
5229,7
5229,8
5235,17
5235,18
5235,19
5235,23
5238,12
5238,13
5239,8
5239,9
5239,10
5249,14
5249,15
5249,16
5250,3
5250,4
5250,5
5256,17
5256,20
5256,21
5256,22
5264,12
5264,13
5267,6
5271,14
5271,15
5271,16
5273,12
5273,13
5275,6
5277,7
5277,8
5277,9
5277,10
5281,15
5283,7
5283,8
5283,9
5283,10
5285,6
5286,9
5286,10
5287,8
5287,9
5287,10
5293,18
5293,19
5293,23
5295,11
5295,12
5295,13
5300,3
5300,4
5300,5
5303,12
5303,13
5305,3
5305,4
5305,5
5310,7
5310,8
5310,9
5312,18
5312,19
5312,23
5313,17
5317,17
5317,18
5317,19
5317,20
5317,21
5317,22
5317,23
5319,10
5319,11
5319,12
5319,13
5323,18
5323,19
5323,23
5336,11
5336,12
5336,13
5337,6
5337,7
5338,3
5338,4
5338,5
5341,3
5341,4
5346,6
5348,17
5348,18
5348,19
5348,20
5348,21
5348,23
5351,18
5351,19
5351,23
5354,5
5354,6
5360,9
5360,10
5360,11
5360,12
5360,13
5362,7
5362,8
5362,9
5362,10
5367,5
5369,7
5369,8
5369,9
5369,10
5370,1
5375,3
5375,4
5375,5
5377,17
5379,10
5383,3
5383,4
5386,14
5386,15
5386,16
5390,11
5390,12
5390,13
5393,6
5399,6
5399,7
5401,3
5401,4
5406,5
5408,3
5408,4
5411,6
5415,14
5415,15
5415,16
5420,6
5420,7
5420,8
5422,10
5424,6
5426,10
5428,6
5430,6
5430,7
5430,8
5435,10
5439,5
5442,1
5442,2
5447,1
5447,2
5447,5
5450,17
5455,9
5455,10
5455,11
5455,12
5455,13
5456,14
5456,15
5456,16
5459,6
5460,18
5460,19
5460,23
5461,5
5467,10
5468,14
5468,15
5468,16
5479,6
5479,7
5479,8
5480,1
5480,2
5481,6
5485,14
5485,15
5485,16
5487,23
5490,3
5490,4
5490,5
5491,1
5491,2
5491,5
5494,17
5496,16
5501,11
5501,12
5501,13
5502,2
5502,5
5503,8
5503,9
5503,10
5503,11
5506,12
5506,13
5508,14
5508,15
5508,16
5512,3
5512,4
5515,3
5515,4
5517,17
5517,22
5519,6
5519,7
5519,8
5522,1
5522,2
5526,6
5526,7
5527,6
5527,7
5527,8
5528,3
5528,4
5531,9
5531,10
5531,11
5531,12
5531,13
5532,1
5532,2
5538,3
5538,4
5538,5
5540,6
5541,3
5541,4
5542,12
5542,13
5544,1
5545,3
5545,4
5548,11
5548,12
5548,13
5555,9
5555,10
5555,11
5555,12
5555,13
5556,9
5556,10
5556,11
5556,12
5556,13
5557,9
5557,10
5557,11
5557,12
5557,13
5558,1
5558,2
5559,11
5559,12
5559,13
5560,8
5560,9
5560,10
5560,11
5562,6
5562,7
5562,8
5564,6
5567,17
5567,23
5569,17
5569,20
5569,21
5569,22
5571,3
5571,4
5572,17
5572,22
5587,3
5591,6
5596,6
5601,6
5612,9
5612,10
5612,11
5612,12
5612,13
5615,6
5617,1
5617,2
5620,11
5620,12
5620,13
5624,11
5624,12
5624,13
5625,17
5625,18
5625,19
5625,20
5625,21
5625,23
5626,10
5629,14
5629,15
5629,16
5631,7
5631,8
5631,9
5631,10
5636,3
5636,4
5636,5
5638,14
5638,15
5638,16
5641,9
5641,10
5641,11
5641,12
5641,13
5644,14
5644,16
5646,11
5646,12
5646,13
5648,3
5648,4
5651,9
5651,10
5651,11
5651,12
5651,13
5655,17
5655,20
5655,21
5655,22
5660,3
5660,4
5660,5
5661,17
5661,20
5661,21
5661,22
5665,14
5665,15
5665,16
5668,17
5668,18
5668,19
5668,20
5668,21
5668,22
5668,23
5672,14
5672,15
5672,16
5673,11
5673,12
5673,13
5674,3
5674,4
5678,6
5680,6
5680,7
5680,8
5682,10
5684,9
5684,10
5684,11
5684,12
5684,13
5685,14
5685,15
5685,16
5688,6
5688,7
5688,8
5689,1
5689,2
5691,11
5691,12
5691,13
5696,6
5698,3
5698,4
5699,3
5699,4
5700,17
5700,18
5700,19
5700,20
5700,21
5700,23
5704,14
5704,15
5704,16
5711,19
5711,23
5714,3
5714,4
5717,17
5717,18
5717,19
5717,20
5717,21
5717,22
5717,23
5732,7
5732,8
5732,9
5732,10
5733,10
5733,11
5733,12
5733,13
5736,17
5736,20
5736,21
5736,22
5743,17
5743,18
5743,19
5743,20
5743,21
5743,22
5743,23
5747,17
5747,22
5750,3
5750,4
5755,14
5755,15
5755,16
5756,11
5756,12
5756,13
5757,17
5757,18
5757,19
5757,20
5757,21
5757,23
5761,12
5761,13
5762,18
5762,19
5762,23
5763,17
5766,9
5766,10
5766,11
5766,12
5766,13
5768,3
5768,4
5769,10
5769,11
5770,17
5770,18
5770,19
5770,20
5770,21
5770,22
5771,3
5771,4
5771,5
5772,5
5778,3
5778,4
5779,3
5779,4
5779,5
5782,17
5782,18
5782,19
5782,23
5785,1
5792,3
5792,4
5792,5
5798,3
5798,4
5798,5
5799,22
5800,6
5803,14
5803,15
5803,16
5805,2
5805,5
5818,6
5822,17
5822,18
5822,19
5822,23
5829,11
5829,12
5829,13
5834,14
5834,15
5834,16
5837,12
5837,13
5847,17
5847,18
5847,19
5847,20
5847,21
5847,22
5847,23
5850,6
5860,17
5860,18
5860,19
5860,20
5860,21
5860,22
5860,23
5865,14
5865,15
5865,16
5868,6
5868,7
5870,9
5870,10
5870,11
5871,17
5871,18
5871,19
5871,20
5871,21
5871,22
5871,23
5880,11
5880,12
5880,13
5881,17
5881,18
5881,19
5881,20
5881,21
5881,22
5881,23
5884,6
5884,7
5885,3
5885,4
5892,12
5892,13
5895,17
5895,20
5895,21
5895,22
5897,7
5897,8
5897,9
5897,10
5900,3
5900,4
5902,17
5902,18
5902,19
5902,20
5902,21
5902,22
5902,23
5903,10
5903,11
5906,14
5906,15
5906,16
5908,15
5915,5
5924,14
5924,15
5924,16
5925,8
5925,9
5925,10
5925,11
5926,12
5926,13
5927,11
5927,12
5927,13
5930,6
5930,7
5930,8
5931,3
5931,4
5934,1
5934,2
5940,7
5940,8
5940,9
5940,10
5941,3
5941,4
5944,6
5944,7
5945,3
5945,4
5945,5
5947,3
5947,4
5949,1
5949,2
5955,14
5955,15
5955,16
5956,6
5958,3
5958,4
5960,9
5960,10
5960,11
5961,12
5961,13
5962,3
5962,4
5962,5
5963,17
5963,18
5963,19
5963,20
5963,21
5963,22
5963,23
5971,17
5971,18
5971,19
5971,20
5971,21
5971,23
5974,14
5974,15
5974,16
5977,2
5977,5
5979,3
5979,4
5979,5
5982,17
5982,18
5982,19
5982,20
5982,21
5982,22
5982,23
5983,6
5984,6
5984,7
5986,10
5986,11
5986,12
5986,13
5995,11
5997,3
5997,4
5997,5
6000,6
6002,3
6002,4
6004,6
6004,7
6004,8
6006,6
6007,14
6007,15
6007,16
6012,6
6013,18
6013,19
6013,23
6018,14
6018,15
6018,16
6021,3
6021,4
6021,5
6024,3
6024,4
6025,11
6025,12
6025,13
6026,6
6026,7
6026,8
6027,9
6027,10
6027,11
6027,12
6028,2
6028,5
6029,17
6029,18
6029,19
6029,20
6029,21
6029,22
6029,23
6030,1
6030,2
6032,8
6032,10
6034,3
6034,4
6035,17
6035,22
6042,14
6042,15
6042,16
6044,11
6044,12
6044,13
6046,11
6046,12
6046,13
6047,6
6048,17
6048,18
6048,19
6048,20
6048,21
6048,22
6048,23
6051,17
6051,18
6051,19
6051,20
6051,21
6051,23
6056,7
6056,8
6056,9
6056,10
6062,18
6062,19
6062,23
6069,11
6069,12
6069,13
6070,6
6071,17
6071,18
6071,19
6071,23
6075,12
6075,13
6077,14
6077,15
6077,16
6079,6
6079,7
6079,8
6079,10
6081,9
6081,10
6081,11
6081,12
6081,13
6086,3
6086,4
6086,5
6091,17
6091,18
6091,19
6091,20
6091,21
6091,22
6091,23
6095,10
6096,6
6096,7
6096,8
6096,10
6101,3
6101,4
6101,5
6103,3
6103,4
6104,3
6104,4
6104,5
6105,14
6105,15
6105,16
6106,6
6107,4
6114,1
6114,2
6120,18
6120,19
6120,23
6123,14
6123,15
6123,16
6129,1
6129,2
6129,5
6133,10
6133,11
6133,12
6133,13
6139,9
6139,10
6139,11
6145,7
6145,8
6145,9
6145,10
6147,17
6147,18
6147,19
6147,20
6147,21
6147,22
6147,23
6150,17
6151,6
6151,7
6151,8
6151,10
6152,1
6152,2
6155,14
6155,15
6155,16
6156,9
6156,10
6156,11
6156,12
6156,13
6160,15
6161,10
6168,14
6168,15
6168,16
6170,17
6170,23
6171,2
6171,5
6174,17
6174,22
6177,17
6177,18
6177,19
6177,23
6178,11
6178,12
6178,13
6179,3
6179,4
6192,11
6192,12
6192,13
6199,11
6199,12
6199,13
6201,3
6201,4
6201,6
6202,14
6202,15
6202,16
6205,1
6205,2
6208,3
6208,4
6208,5
6210,17
6210,20
6210,21
6210,22
6211,1
6211,2
6214,5
6215,7
6215,8
6215,9
6215,10
6219,17
6219,18
6219,19
6219,20
6219,21
6219,22
6219,23
6227,12
6227,13
6228,15
6229,17
6229,18
6229,19
6229,20
6229,21
6229,22
6229,23
6231,17
6236,3
6236,4
6237,6
6242,17
6242,18
6242,19
6242,23
6249,3
6249,4
6249,5
6254,10
6257,17
6257,20
6257,21
6257,22
6269,6
6269,7
6271,17
6271,18
6271,19
6271,20
6271,21
6271,23
6272,17
6272,18
6272,19
6272,20
6272,21
6272,22
6272,23
6273,6
6273,7
6276,3
6276,4
6278,9
6278,10
6278,11
6278,12
6278,13
6279,9
6279,10
6279,11
6279,12
6279,13
6281,6
6285,1
6285,2
6287,11
6287,12
6287,13
6289,1
6289,2
6293,13
6295,18
6295,19
6295,23
6296,13
6303,11
6303,12
6303,13
6307,6
6307,7
6307,8
6310,14
6310,15
6310,16
6312,6
6312,7
6312,8
6314,17
6314,20
6314,21
6314,22
6318,14
6318,15
6318,16
6319,7
6319,8
6319,9
6319,10
6321,14
6321,15
6321,16
6331,6
6331,7
6331,8
6334,6
6336,6
6336,8
6339,9
6339,10
6339,11
6340,11
6340,12
6340,13
6347,14
6347,15
6347,16
6349,18
6349,19
6349,23
6350,1
6350,2
6351,5
6352,5
6356,3
6356,4
6359,3
6359,4
6359,5
6360,3
6360,4
6363,11
6368,6
6369,6
6369,7
6369,8
6375,17
6375,18
6375,19
6375,23
6385,23
6386,17
6386,18
6386,19
6386,20
6386,21
6386,22
6386,23
6387,6
6387,7
6387,8
6387,9
6387,10
6391,1
6391,2
6392,3
6392,4
6397,6
6398,6
6401,9
6401,10
6401,11
6401,12
6401,13
6405,18
6405,19
6405,23
6407,5
6408,6
6408,7
6408,8
6411,6
6411,7
6413,6
6416,6
6416,8
6418,1
6418,2
6418,5
6419,11
6419,12
6419,13
6420,17
6420,18
6420,19
6420,20
6420,21
6420,22
6420,23
6421,17
6421,18
6421,19
6421,23
6425,11
6425,12
6425,13
6426,17
6426,22
6427,14
6427,16
6428,17
6428,22
6430,2
6430,5
6433,3
6433,4
6433,5
6434,6
6434,8
6435,10
6439,6
6443,12
6443,13
6445,14
6445,16
6448,11
6448,12
6448,13
6451,5
6458,1
6458,2
6458,5
6464,8
6464,10
6468,11
6468,12
6468,13
6469,6
6469,7
6469,8
6469,10
6472,8
6472,9
6472,10
6476,8
6476,9
6476,10
6479,6
6479,7
6479,8
6483,17
6483,18
6483,19
6483,20
6483,21
6483,22
6483,23
6485,5
6486,14
6486,15
6486,16
6488,6
6489,12
6489,13
6495,3
6495,4
6495,5
6497,11
6497,12
6497,13
6499,9
6499,10
6499,11
6500,14
6500,16
6501,17
6501,18
6501,19
6501,20
6501,21
6501,23
6502,3
6502,4
6502,5
6503,6
6503,7
6503,8
6506,14
6506,15
6506,16
6510,9
6510,10
6510,11
6512,17
6516,17
6516,18
6516,19
6516,20
6516,21
6516,22
6516,23
6518,11
6518,12
6518,13
6521,17
6521,18
6521,19
6521,20
6521,21
6521,22
6521,23
6526,6
6526,7
6526,8
6526,10
6528,17
6528,18
6528,19
6528,20
6528,21
6528,22
6528,23
6529,6
6529,7
6529,8
6534,6
6534,7
6534,8
6542,6
6542,7
6542,8
6542,10
6543,1
6543,2
6545,8
6545,10
6547,14
6547,15
6547,16
6555,14
6555,16
6556,14
6556,15
6556,16
6557,6
6558,3
6558,4
6565,17
6565,22
6578,6
6584,3
6584,4
6588,6
6590,9
6590,10
6590,11
6590,12
6590,13
6593,14
6593,15
6593,16
6594,9
6594,10
6594,11
6594,12
6594,13
6595,17
6596,10
6596,11
6597,9
6597,10
6597,11
6597,12
6597,13
6598,10
6609,10
6609,11
6609,12
6609,13
6611,9
6611,10
6611,11
6611,12
6611,13
6612,14
6612,16
6613,17
6613,18
6613,19
6613,20
6613,21
6613,22
6613,23
6614,5
6618,3
6618,4
6618,5
6620,17
6620,18
6620,19
6620,20
6620,21
6620,22
6620,23
6622,6
6622,7
6622,8
6628,3
6628,4
6629,9
6629,10
6629,11
6629,12
6629,13
6632,9
6632,10
6632,11
6635,14
6635,15
6635,16
6637,3
6637,4
6643,18
6643,19
6643,23
6647,1
6647,2
6647,5
6651,6
6653,18
6653,19
6653,23
6657,10
6660,3
6660,4
6665,14
6665,15
6665,16
6667,14
6667,16
6669,14
6669,15
6669,16
6675,11
6675,12
6675,13
6678,6
6679,8
6679,9
6679,10
6679,11
6689,18
6689,19
6689,23
6690,3
6690,4
6692,6
6695,10
6696,14
6696,15
6696,16
6705,3
6705,4
6706,7
6706,8
6706,9
6706,10
6707,10
6709,16
6712,3
6712,4
6712,5
6714,6
6715,14
6715,15
6715,16
6716,11
6716,12
6716,13
6720,11
6720,12
6720,13
6722,18
6722,19
6722,23
6723,3
6723,4
6725,11
6725,12
6725,13
6734,17
6734,18
6734,19
6734,20
6734,21
6734,22
6734,23
6735,6
6735,7
6737,14
6737,15
6737,16
6743,12
6743,13
6745,11
6745,12
6745,13
6748,17
6748,18
6748,19
6748,20
6748,21
6748,22
6748,23
6757,18
6757,19
6757,23
6760,3
6760,4
6760,5
6761,8
6761,9
6761,10
6762,3
6762,4
6762,5
6763,1
6763,2
6766,6
6767,6
6778,9
6778,10
6778,11
6778,12
6778,13
6779,17
6782,12
6782,13
6786,9
6786,10
6786,11
6786,12
6786,13
6787,18
6787,19
6787,23
6792,7
6792,8
6792,9
6792,10
6797,6
6797,7
6797,8
6804,18
6804,19
6804,23
6805,1
6805,2
6805,5
6814,3
6814,4
6814,5
6815,14
6815,16
6816,6
6816,7
6816,8
6816,10
6817,1
6817,2
6818,17
6818,18
6818,19
6818,20
6818,21
6818,22
6818,23
6823,1
6823,2
6823,5
6828,17
6828,18
6828,19
6828,20
6828,21
6828,23
6829,9
6829,10
6829,11
6829,12
6829,13
6833,3
6833,4
6836,18
6836,19
6836,23
6837,1
6837,2
6839,9
6839,10
6839,11
6839,12
6839,13
6840,3
6840,4
6841,9
6841,11
6841,12
6841,13
6844,1
6844,2
6844,5
6848,10
6850,10
6853,17
6853,18
6853,19
6853,20
6853,21
6853,22
6853,23
6857,3
6857,4
6857,5
6859,6
6864,1
6864,2
6865,15
6866,9
6866,10
6866,11
6866,12
6866,13
6867,3
6867,4
6869,7
6869,8
6869,9
6869,10
6870,11
6872,17
6872,20
6872,21
6872,22
6874,10
6876,14
6876,16
6880,6
6882,1
6889,1
6889,2
6892,3
6892,4
6905,18
6905,19
6905,23
6908,17
6908,20
6908,21
6908,22
6913,1
6913,2
6914,3
6914,4
6914,5
6922,11
6922,12
6922,13
6927,17
6927,18
6927,19
6927,20
6927,21
6927,22
6927,23
6930,3
6930,4
6933,1
6933,2
6939,9
6939,10
6939,11
6940,3
6940,4
6944,2
6944,5
6951,12
6951,13
6952,18
6952,19
6952,23
6954,9
6954,10
6954,11
6954,12
6954,13
6958,3
6958,4
6959,17
6959,18
6959,19
6959,20
6959,21
6959,23
6963,17
6963,18
6963,19
6963,20
6963,21
6963,22
6963,23
6964,3
6964,4
6965,1
6965,2
6968,9
6968,10
6968,11
6968,12
6968,13
6975,14
6975,15
6975,16
6978,10
6983,17
6984,1
6984,2
6984,5
6987,17
6987,18
6987,19
6987,20
6987,21
6987,22
6988,17
6994,11
6994,12
6994,13
6997,17
6997,22
6998,7
6998,8
6998,9
6998,10
7002,17
7002,18
7002,19
7002,20
7002,21
7002,22
7002,23
7005,17
7005,18
7005,19
7005,20
7005,21
7005,22
7005,23
7006,6
7006,7
7006,8
7011,12
7011,13
7013,11
7013,12
7013,13
7017,3
7017,4
7017,5
7019,6
7020,3
7020,4
7022,6
7022,7
7022,8
7024,14
7024,15
7024,16
7025,3
7025,4
7028,11
7028,12
7028,13
7029,6
7034,8
7034,9
7034,10
7034,11
7036,14
7036,15
7036,16
7042,6
7047,16
7051,6
7054,10
7055,3
7055,4
7055,5
7057,17
7064,3
7064,4
7064,5
7065,10
7066,3
7066,4
7066,5
7067,9
7067,10
7067,11
7067,12
7068,10
7070,12
7070,13
7071,9
7071,10
7071,11
7071,12
7071,13
7072,14
7072,16
7076,10
7080,8
7080,9
7080,10
7081,7
7081,8
7081,9
7081,10
7082,14
7082,15
7082,16
7084,9
7084,10
7084,11
7084,12
7084,13
7086,14
7086,15
7086,16
7091,1
7091,2
7098,14
7098,15
7098,16
7100,8
7100,9
7100,10
7100,11
7101,17
7106,6
7106,7
7106,8
7111,5
7115,3
7115,4
7117,3
7117,4
7120,7
7120,8
7120,9
7120,10
7121,18
7121,19
7121,23
7122,1
7124,3
7124,5
7125,1
7125,2
7127,12
7127,13
7129,3
7129,4
7129,5
7131,17
7131,20
7131,21
7131,22
7134,1
7134,2
7144,14
7144,15
7144,16
7150,17
7154,6
7154,7
7157,3
7157,4
7157,5
7159,1
7159,2
7160,17
7160,18
7160,19
7160,20
7160,21
7160,22
7160,23
7163,17
7163,20
7163,21
7163,22
7164,3
7164,5
7166,1
7166,2
7170,17
7170,18
7170,19
7170,20
7170,21
7170,23
7173,11
7173,12
7173,13
7174,6
7176,10
7176,11
7176,12
7176,13
7185,17
7185,18
7185,19
7185,20
7185,21
7185,22
7185,23
7186,12
7186,13
7187,17
7187,18
7187,19
7187,20
7187,21
7187,22
7187,23
7190,17
7190,18
7190,19
7190,20
7190,21
7190,22
7190,23
7191,9
7191,10
7191,11
7199,12
7199,13
7202,14
7202,15
7202,16
7206,6
7206,7
7206,8
7212,6
7212,7
7214,6
7231,11
7231,12
7231,13
7232,6
7232,7
7232,8
7235,6
7235,7
7235,8
7238,7
7238,8
7238,9
7238,10
7239,17
7239,18
7239,19
7239,20
7239,21
7239,22
7239,23
7243,17
7243,18
7243,19
7243,23
7248,1
7248,2
7248,5
7250,6
7250,7
7250,8
7251,10
7253,6
7255,9
7255,10
7255,11
7255,12
7259,11
7259,12
7259,13
7261,9
7261,10
7261,11
7271,6
7274,11
7274,12
7274,13
7277,3
7277,4
7278,6
7281,1
7281,2
7282,14
7282,16
7283,3
7283,4
7283,5
7285,11
7285,12
7285,13
7286,3
7286,4
7286,5
7288,14
7288,15
7288,16
7289,6
7289,7
7289,8
7291,6
7300,14
7300,15
7300,16
7301,17
7301,22
7302,17
7302,20
7302,21
7302,22
7304,3
7304,4
7305,3
7305,4
7306,15
7306,16
7308,9
7308,10
7308,11
7308,12
7308,13
7309,3
7309,4
7309,5
7311,17
7311,18
7311,19
7311,20
7311,21
7311,22
7311,23
7312,9
7312,11
7312,12
7312,13
7320,1
7320,2
7323,9
7323,10
7323,11
7323,12
7328,17
7328,18
7328,19
7328,20
7328,21
7328,22
7328,23
7329,11
7329,12
7329,13
7345,3
7345,4
7349,1
7349,2
7349,5
7351,3
7351,4
7351,6
7354,14
7354,15
7354,16
7362,6
7362,7
7362,8
7364,17
7364,20
7364,21
7364,22
7365,3
7365,4
7365,5
7368,11
7368,12
7368,13
7370,6
7370,7
7373,3
7373,4
7373,5
7374,5
7375,6
7376,7
7376,8
7376,9
7376,10
7379,5
7385,3
7385,4
7386,17
7386,20
7386,21
7386,22
7387,3
7387,4
7390,17
7390,18
7390,19
7390,20
7390,21
7390,22
7390,23
7397,6
7397,7
7399,1
7399,2
7404,17
7404,18
7404,19
7404,20
7404,21
7404,22
7404,23
7405,5
7406,3
7406,4
7409,1
7420,8
7420,9
7420,10
7420,11
7421,6
7421,7
7421,8
7421,9
7421,10
7425,1
7425,2
7426,3
7426,4
7426,5
7427,17
7427,20
7427,21
7427,22
7429,11
7429,12
7429,13
7430,17
7430,20
7430,21
7430,22
7431,9
7431,10
7431,11
7431,12
7431,13
7433,14
7433,15
7433,16
7434,11
7434,12
7434,13
7435,17
7435,18
7435,19
7435,20
7435,21
7435,22
7435,23
7439,1
7439,2
7442,17
7442,18
7442,19
7442,20
7442,21
7442,22
7442,23
7452,11
7452,12
7452,13
7455,11
7455,12
7455,13
7458,1
7458,2
7459,14
7459,15
7459,16
7462,14
7462,15
7462,16
7463,11
7463,12
7463,13
7464,15
7467,6
7467,7
7467,8
7477,17
7477,23
7478,14
7478,15
7478,16
7480,6
7480,7
7480,8
7490,11
7490,12
7490,13
7492,14
7492,15
7492,16
7496,6
7500,10
7501,3
7501,4
7506,1
7506,2
7510,11
7510,12
7510,13
7514,6
7514,7
7514,8
7520,11
7520,12
7520,13
7528,2
7528,5
7533,3
7533,4
7533,5
7534,17
7534,20
7534,21
7534,22
7536,11
7536,12
7536,13
7538,3
7538,4
7538,5
7543,3
7543,4
7543,5
7545,10
7546,17
7546,20
7546,21
7546,22
7547,6
7547,7
7548,17
7550,3
7550,4
7551,1
7551,2
7557,3
7557,4
7557,5
7563,11
7563,12
7563,13
7568,14
7568,15
7568,16
7573,7
7573,8
7577,11
7577,12
7577,13
7579,1
7579,2
7579,5
7582,5
7584,6
7584,8
7584,10
7588,11
7588,12
7588,13
7589,17
7589,18
7589,19
7589,20
7589,21
7589,22
7589,23
7596,10
7599,6
7606,8
7606,9
7606,10
7606,11
7608,23
7612,3
7612,4
7616,10
7616,11
7616,12
7616,13
7618,16
7623,1
7623,2
7625,14
7625,15
7625,16
7627,1
7638,1
7641,10
7642,17
7642,18
7642,19
7642,20
7642,21
7642,22
7642,23
7646,3
7646,4
7648,18
7648,19
7648,20
7648,21
7648,23
7650,3
7650,4
7652,9
7652,10
7652,11
7652,12
7652,13
7654,3
7654,4
7656,11
7656,12
7656,13
7659,3
7659,4
7664,8
7664,10
7666,3
7666,4
7667,14
7667,15
7667,16
7670,17
7670,18
7670,19
7670,20
7670,21
7670,22
7670,23
7671,15
7673,3
7673,4
7673,5
7675,3
7675,4
7675,5
7678,14
7678,16
7680,10
7681,6
7682,1
7687,3
7687,4
7687,5
7688,3
7688,4
7689,3
7689,4
7691,9
7691,10
7691,11
7691,12
7694,17
7694,18
7694,19
7694,20
7694,21
7694,22
7694,23
7695,11
7695,12
7695,13
7702,14
7702,15
7702,16
7703,3
7703,4
7705,3
7705,4
7711,17
7711,18
7711,19
7711,20
7711,21
7711,22
7711,23
7713,6
7713,8
7721,10
7721,11
7722,1
7722,2
7726,23
7729,6
7732,17
7732,22
7733,10
7737,17
7737,20
7737,21
7737,22
7740,11
7740,12
7740,13
7741,6
7741,7
7741,8
7744,3
7744,4
7744,5
7745,6
7745,7
7745,8
7745,9
7745,10
7746,11
7746,12
7746,13
7751,12
7751,13
7753,3
7753,4
7755,6
7755,7
7755,8
7756,11
7758,17
7758,18
7758,19
7758,20
7758,21
7758,22
7759,5
7760,1
7770,3
7770,4
7771,14
7771,15
7771,16
7773,3
7773,4
7776,3
7776,4
7776,5
7777,17
7777,18
7777,19
7777,20
7777,21
7777,22
7777,23
7782,3
7782,4
7784,3
7784,4
7787,3
7787,4
7787,5
7789,6
7789,7
7789,8
7790,7
7790,8
7790,9
7790,10
7792,5
7793,17
7793,18
7793,19
7793,20
7793,21
7793,22
7793,23
7794,17
7795,5
7802,12
7802,13
7804,6
7804,7
7804,8
7805,14
7805,15
7805,16
7806,17
7806,18
7806,20
7806,21
7806,22
7806,23
7808,14
7808,15
7808,16
7809,1
7809,2
7810,1
7810,2
7811,3
7811,4
7811,5
7812,11
7812,12
7812,13
7813,6
7816,9
7816,10
7818,6
7818,7
7818,8
7820,6
7822,3
7822,4
7823,14
7823,15
7823,16
7825,17
7825,18
7825,19
7825,20
7825,21
7825,22
7825,23
7827,3
7827,4
7831,12
7831,13
7835,3
7835,4
7838,6
7838,7
7841,10
7841,11
7842,17
7842,18
7842,19
7842,20
7842,21
7842,22
7842,23
7843,17
7843,23
7844,18
7844,19
7844,23
7846,5
7850,14
7850,15
7850,16
7851,17
7851,18
7851,19
7851,20
7851,21
7851,22
7851,23
7856,6
7856,7
7856,8
7856,10
7857,1
7857,2
7857,5
7860,3
7860,4
7860,5
7861,17
7861,18
7861,19
7861,20
7861,21
7861,22
7861,23
7862,6
7862,7
7862,8
7869,8
7869,9
7869,10
7869,11
7870,17
7872,14
7872,15
7872,16
7873,17
7873,18
7873,19
7873,23
7874,14
7874,15
7874,16
7875,9
7875,10
7875,11
7877,1
7877,2
7878,17
7878,20
7878,21
7878,22
7881,10
7882,6
7882,7
7882,8
7882,9
7882,10
7884,3
7884,4
7885,1
7885,2
7889,1
7889,2
7890,5
7891,14
7891,15
7891,16
7893,18
7893,19
7893,23
7896,1
7896,2
7896,5
7899,18
7899,19
7899,23
7901,12
7901,13
7902,6
7902,7
7902,8
7907,3
7907,4
7907,6
7913,7
7913,8
7913,9
7913,10
7915,3
7915,4
7915,5
7917,11
7917,12
7917,13
7919,17
7919,18
7919,19
7919,23
7922,17
7922,18
7922,19
7922,23
7926,6
7928,17
7928,18
7928,19
7928,20
7928,21
7928,22
7928,23
7930,14
7930,15
7930,16
7933,11
7933,12
7933,13
7936,5
7939,4
7941,6
7941,7
7941,8
7946,17
7946,20
7946,22
7950,17
7950,18
7950,19
7950,20
7950,21
7950,22
7950,23
7955,22
7956,7
7956,8
7956,9
7956,10
7959,11
7959,12
7959,13
7960,14
7960,15
7960,16
7964,14
7964,15
7964,16
7967,6
7971,3
7971,4
7973,3
7973,4
7973,5
7975,3
7975,5
7977,3
7977,4
7978,14
7978,15
7978,16
7982,9
7982,11
7982,12
7982,13
7983,3
7983,4
7991,3
7991,4
7991,6
7992,17
7992,18
7992,19
7992,20
7992,21
7992,22
7992,23
7996,3
7996,4
7997,3
7997,4
7998,17
7998,18
7998,19
7998,20
7998,21
7998,22
7998,23
7999,1
7999,2
8001,19
8001,23
8005,7
8005,8
8005,9
8005,10
8013,17
8013,18
8013,19
8013,20
8013,21
8013,22
8013,23
8017,14
8017,15
8017,16
8021,3
8021,4
8026,7
8026,8
8026,9
8026,10
8027,17
8027,20
8027,21
8027,22
8028,22
8030,2
8030,5
8037,17
8037,18
8037,19
8037,20
8037,21
8037,22
8037,23
8039,11
8039,12
8039,13
8045,14
8045,15
8045,16
8047,6
8050,3
8050,4
8053,3
8053,4
8056,17
8056,18
8056,19
8056,23
8081,11
8081,12
8081,13
8083,9
8083,10
8083,11
8083,12
8083,13
8085,3
8085,4
8086,6
8086,7
8086,8
8089,3
8089,4
8092,1
8092,2
8099,11
8099,12
8099,13
8101,1
8101,2
8106,8
8106,9
8106,10
8106,11
8109,17
8109,23
8114,9
8114,10
8114,11
8120,11
8120,12
8120,13
8121,11
8121,12
8121,13
8124,3
8124,4
8124,5
8127,10
8130,14
8130,15
8130,16
8131,1
8131,2
8137,14
8137,15
8137,16
8138,18
8138,19
8138,23
8142,17
8142,22
8143,6
8144,6
8147,3
8147,4
8147,6
8150,6
8150,7
8150,8
8152,11
8152,12
8152,13
8153,3
8153,4
8159,5
8160,9
8160,10
8160,11
8160,12
8160,13
8162,7
8162,8
8162,9
8162,10
8167,5
8170,8
8170,10
8172,17
8172,18
8172,19
8172,20
8172,21
8172,22
8172,23
8174,3
8174,4
8174,5
8176,3
8176,4
8176,5
8177,14
8177,16
8179,23
8182,17
8182,20
8182,21
8182,22
8190,3
8190,4
8190,5
8192,11
8192,12
8192,13
8201,17
8201,20
8201,21
8201,22
8202,6
8203,6
8209,11
8209,12
8209,13
8210,6
8215,15
8216,14
8216,15
8216,16
8218,11
8218,12
8218,13
8222,3
8222,4
8224,3
8224,4
8230,1
8230,2
8230,5
8236,17
8236,18
8236,19
8236,20
8236,21
8236,22
8236,23
8237,7
8237,8
8237,9
8237,10
8250,1
8250,2
8252,6
8254,3
8254,4
8254,5
8255,15
8256,14
8256,15
8256,16
8258,17
8258,18
8258,19
8258,20
8258,21
8258,22
8258,23
8263,11
8263,12
8263,13
8269,8
8269,10
8270,17
8270,18
8270,19
8270,20
8270,21
8270,22
8270,23
8272,10
8274,6
8278,6
8278,7
8278,8
8285,10
8285,11
8285,12
8285,13
8290,17
8290,18
8290,19
8290,20
8290,21
8290,22
8290,23
8295,14
8295,15
8295,16
8302,5
8303,16
8306,1
8306,2
8306,5
8309,6
8310,17
8310,18
8310,19
8310,20
8310,21
8310,22
8310,23
8316,4
8318,3
8318,4
8318,5
8328,3
8328,4
8328,5
8330,6
8330,7
8336,3
8336,4
8336,6
8338,17
8353,17
8353,18
8353,19
8353,20
8353,21
8353,23
8362,14
8362,15
8362,16
8364,7
8364,8
8364,9
8364,10
8367,6
8371,11
8371,12
8371,13
8372,9
8372,10
8372,11
8372,12
8372,13
8376,13
8379,17
8379,20
8379,21
8379,22
8384,6
8387,3
8387,4
8395,17
8395,18
8395,19
8395,20
8395,21
8395,22
8395,23
8396,1
8396,2
8397,3
8397,4
8399,1
8401,6
8404,9
8404,10
8404,11
8407,12
8407,13
8409,14
8409,15
8409,16
8410,6
8410,7
8410,8
8415,17
8415,20
8415,21
8415,22
8416,11
8416,12
8416,13
8420,6
8420,7
8420,8
8424,17
8424,20
8424,21
8424,22
8430,6
8435,17
8435,18
8435,19
8435,20
8435,21
8435,22
8435,23
8444,11
8444,12
8444,13
8445,3
8445,4
8445,5
8451,7
8451,8
8451,9
8451,10
8453,17
8458,3
8458,4
8463,12
8463,13
8467,3
8467,4
8469,3
8469,4
8470,3
8470,4
8481,17
8484,17
8484,18
8484,19
8484,20
8484,21
8484,22
8484,23
8485,3
8485,4
8487,14
8487,15
8487,16
8488,8
8488,10
8493,17
8493,20
8493,21
8493,22
8494,10
8497,2
8497,5
8501,11
8501,12
8501,13
8502,18
8502,19
8502,23
8507,17
8507,18
8507,19
8507,20
8507,21
8507,22
8514,8
8514,9
8514,10
8517,6
8519,7
8519,8
8519,9
8519,10
8522,3
8522,4
8522,5
8524,6
8524,7
8524,8
8526,17
8526,22
8527,17
8527,18
8527,19
8527,20
8527,21
8527,22
8527,23
8528,8
8528,9
8528,10
8528,11
8533,3
8533,4
8540,3
8540,4
8541,7
8541,8
8541,9
8541,10
8543,1
8543,2
8548,14
8548,15
8548,16
8549,11
8549,12
8549,13
8550,6
8550,7
8550,8
8563,11
8563,12
8563,13
8570,5
8571,8
8571,9
8571,10
8571,11
8572,3
8572,4
8574,11
8574,12
8574,13
8577,6
8577,7
8584,3
8584,4
8584,5
8590,3
8590,4
8596,3
8596,4
8596,5
8597,17
8597,22
8598,8
8598,9
8598,10
8598,11
8607,2
8607,5
8609,18
8609,19
8609,23
8611,17
8611,18
8611,19
8611,20
8611,21
8611,22
8611,23
8613,9
8613,10
8613,11
8613,12
8613,13
8614,18
8614,19
8614,23
8618,10
8623,8
8623,9
8623,10
8627,17
8627,18
8627,19
8627,23
8631,3
8631,4
8633,3
8633,4
8636,17
8636,20
8636,21
8636,22
8648,9
8648,10
8648,11
8648,12
8648,13
8651,15
8652,15
8654,12
8654,13
8657,7
8657,8
8657,9
8657,10
8666,10
8669,6
8672,6
8672,7
8672,8
8673,1
8673,2
8681,14
8681,15
8681,16
8682,1
8682,2
8688,17
8688,20
8688,21
8688,22
8690,6
8690,7
8691,3
8691,4
8692,17
8692,18
8692,19
8692,23
8695,3
8695,4
8700,6
8700,7
8700,8
8700,10
8704,3
8704,4
8704,5
8706,14
8706,15
8706,16
8707,3
8707,4
8707,5
8708,6
8710,6
8711,14
8711,15
8711,16
8713,17
8713,18
8713,19
8713,23
8718,18
8718,19
8718,23
8726,17
8726,18
8726,19
8726,20
8726,21
8726,22
8726,23
8728,11
8728,12
8728,13
8732,3
8732,4
8732,5
8736,3
8736,4
8737,18
8737,19
8737,23
8745,3
8745,4
8745,5
8746,6
8746,7
8746,8
8746,9
8746,10
8747,6
8748,10
8749,17
8749,18
8749,19
8749,20
8749,21
8749,22
8749,23
8754,17
8754,18
8754,19
8754,20
8754,21
8754,22
8754,23
8755,14
8755,15
8755,16
8756,14
8756,15
8756,16
8762,14
8762,15
8762,16
8768,9
8768,10
8768,11
8768,12
8768,13
8770,17
8770,18
8770,19
8770,20
8770,21
8770,23
8776,3
8776,4
8778,14
8778,15
8778,16
8781,14
8781,15
8781,16
8786,3
8786,4
8791,17
8791,18
8791,19
8791,20
8791,21
8791,23
8793,9
8793,10
8793,11
8793,12
8794,6
8795,6
8795,7
8795,8
8799,17
8799,20
8799,21
8799,22
8801,14
8801,15
8801,16
8802,15
8806,12
8806,13
8807,6
8808,1
8808,2
8811,14
8811,15
8811,16
8813,3
8813,4
8820,14
8820,15
8820,16
8823,3
8823,4
8823,5
8825,6
8825,7
8825,8
8826,9
8826,10
8826,11
8834,14
8834,15
8834,16
8839,17
8839,18
8839,19
8839,23
8842,6
8842,7
8842,8
8844,3
8844,4
8845,17
8845,18
8845,19
8845,20
8845,21
8845,22
8845,23
8846,6
8847,5
8847,6
8848,1
8848,2
8853,6
8854,5
8855,9
8855,10
8855,11
8855,12
8855,13
8860,9
8860,10
8860,11
8860,12
8860,13
8862,3
8862,4
8863,6
8863,7
8865,6
8866,3
8866,4
8866,5
8870,12
8870,13
8871,17
8871,18
8871,19
8871,20
8871,21
8871,22
8871,23
8872,6
8872,7
8881,6
8881,7
8881,8
8882,8
8882,9
8882,10
8882,11
8885,7
8885,8
8885,9
8885,10
8897,1
8897,2
8898,14
8898,15
8898,16
8901,1
8901,2
8902,18
8902,19
8902,23
8905,3
8905,4
8905,5
8911,17
8911,18
8911,19
8911,20
8911,21
8911,23
8914,6
8914,7
8914,8
8916,1
8916,2
8916,5
8917,12
8917,13
8919,6
8924,14
8924,15
8924,16
8925,18
8925,19
8925,23
8929,3
8936,6
8938,15
8940,18
8940,19
8940,23
8943,14
8943,16
8950,11
8950,12
8950,13
8952,14
8952,15
8952,16
8954,10
8954,11
8955,3
8955,4
8961,17
8961,18
8961,19
8961,23
8963,1
8963,2
8964,17
8967,17
8967,18
8967,19
8967,23
8975,3
8975,4
8977,3
8977,4
8977,5
8982,17
8982,20
8982,21
8982,22
8983,18
8983,19
8983,23
8987,17
8992,10
8992,11
8992,12
8992,13
8993,3
8993,4
8996,11
8996,12
8996,13
9001,5
9006,6
9006,7
9006,8
9008,3
9008,4
9008,5
9012,14
9012,15
9012,16
9015,9
9015,10
9015,11
9015,12
9015,13
9016,10
9016,11
9016,12
9016,13
9019,14
9019,15
9019,16
9021,17
9021,20
9021,21
9021,22
9023,23
9024,10
9025,6
9025,7
9025,8
9027,1
9027,2
9036,17
9036,18
9036,19
9036,20
9036,21
9036,22
9036,23
9037,18
9037,19
9037,23
9042,17
9042,18
9042,19
9042,23
9044,6
9046,6
9046,8
9046,10
9050,1
9050,2
9053,3
9053,4
9053,5
9058,3
9058,4
9061,3
9061,4
9065,17
9065,18
9065,19
9065,23
9067,17
9068,18
9068,19
9068,23
9073,7
9073,8
9073,9
9073,10
9074,5
9075,17
9075,18
9075,19
9075,23
9078,1
9078,2
9087,23
9090,3
9090,4
9090,6
9092,7
9092,8
9092,9
9092,10
9093,17
9093,18
9093,19
9093,20
9093,21
9093,22
9093,23
9094,15
9096,17
9096,18
9096,19
9096,20
9096,21
9096,23
9097,3
9097,4
9098,3
9098,4
9103,3
9103,4
9104,11
9104,12
9104,13
9110,17
9110,23
9113,11
9113,12
9113,13
9119,7
9119,8
9119,9
9119,10
9120,5
9121,12
9121,13
9122,5
9124,4
9131,3
9131,4
9132,8
9132,9
9132,10
9132,11
9133,3
9133,4
9134,13
9137,3
9137,4
9138,3
9138,4
9140,16
9141,8
9141,9
9141,10
9142,3
9142,4
9142,5
9144,14
9144,16
9148,22
9150,17
9150,22
9161,3
9161,4
9163,3
9163,4
9163,5
9166,12
9166,13
9173,7
9173,8
9173,9
9173,10
9175,17
9175,18
9175,19
9175,20
9175,21
9175,23
9180,14
9180,15
9180,16
9189,17
9189,20
9189,21
9189,22
9196,17
9196,18
9196,19
9196,20
9196,21
9196,22
9196,23
9203,6
9204,3
9204,4
9208,1
9208,2
9209,6
9210,3
9210,4
9210,5
9218,16
9219,6
9219,7
9219,8
9219,10
9222,3
9222,4
9223,10
9226,22
9227,11
9227,12
9227,13
9235,3
9235,4
9237,3
9237,4
9241,3
9241,4
9241,6
9244,3
9244,4
9244,5
9246,3
9246,4
9248,9
9248,10
9248,11
9248,12
9248,13
9249,17
9249,20
9249,21
9249,22
9250,3
9250,4
9259,1
9259,2
9264,10
9264,11
9264,12
9264,13
9266,9
9266,10
9266,11
9266,12
9273,17
9273,18
9273,19
9273,20
9273,21
9273,22
9273,23
9274,6
9278,6
9282,17
9282,20
9282,21
9282,22
9284,6
9286,16
9290,3
9290,4
9290,5
9293,11
9293,12
9293,13
9294,9
9294,10
9294,11
9295,17
9295,20
9295,21
9295,22
9299,13
9300,6
9322,3
9322,4
9322,5
9323,6
9323,7
9323,8
9329,12
9329,13
9333,17
9333,18
9333,19
9333,20
9333,21
9333,22
9333,23
9335,17
9335,18
9335,19
9335,20
9335,21
9335,22
9335,23
9336,6
9336,7
9336,8
9338,1
9338,2
9342,3
9342,4
9344,1
9344,2
9344,5
9345,10
9345,11
9345,12
9345,13
9349,18
9349,19
9349,23
9352,17
9352,18
9352,19
9352,20
9352,21
9352,23
9353,6
9353,7
9357,3
9357,4
9357,5
9358,1
9361,3
9361,4
9361,5
9363,6
9363,7
9363,8
9365,10
9366,1
9366,2
9366,5
9368,17
9368,20
9368,21
9368,22
9374,17
9374,18
9374,19
9374,23
9377,9
9377,10
9377,11
9377,12
9377,13
9378,18
9378,19
9378,23
9384,3
9384,4
9384,5
9391,23
9392,9
9392,10
9392,11
9392,12
9392,13
9394,11
9394,12
9394,13
9397,12
9397,13
9399,9
9399,10
9399,11
9401,14
9401,15
9401,16
9405,18
9405,19
9405,23
9409,3
9409,4
9409,5
9427,3
9427,4
9428,3
9428,4
9428,5
9434,14
9434,15
9434,16
9436,12
9436,13
9441,3
9441,4
9441,5
9443,1
9443,2
9443,5
9445,12
9445,13
9446,6
9449,3
9449,4
9449,5
9452,14
9452,15
9452,16
9454,3
9454,4
9454,5
9455,16
9456,14
9456,15
9456,16
9458,3
9458,4
9458,5
9459,5
9462,16
9463,7
9463,8
9463,9
9463,10
9465,1
9467,6
9467,7
9467,8
9467,9
9467,10
9468,6
9468,7
9468,8
9469,3
9469,4
9470,11
9470,12
9470,13
9475,6
9475,7
9475,8
9476,18
9476,19
9476,23
9481,9
9481,10
9481,11
9481,12
9481,13
9495,11
9495,12
9496,6
9497,3
9497,4
9510,11
9510,12
9510,13
9511,4
9512,8
9512,9
9512,10
9512,11
9514,11
9514,12
9514,13
9517,9
9517,10
9517,11
9523,17
9523,18
9523,19
9523,20
9523,21
9523,23
9524,3
9524,4
9524,5
9525,9
9525,10
9525,11
9525,12
9525,13
9529,6
9532,3
9532,4
9533,18
9533,19
9533,23
9534,12
9534,13
9535,12
9535,13
9537,14
9537,15
9537,16
9539,11
9539,12
9539,13
9540,10
9546,1
9546,2
9546,5
9548,12
9548,13
9552,12
9552,13
9554,14
9554,15
9554,16
9558,11
9558,12
9558,13
9561,6
9563,10
9563,11
9564,12
9564,13
9565,11
9565,12
9565,13
9566,17
9566,18
9566,19
9566,20
9566,21
9566,22
9566,23
9568,18
9568,19
9568,23
9579,6
9583,3
9583,4
9583,5
9585,17
9585,18
9585,19
9585,20
9585,21
9585,23
9592,7
9592,8
9592,9
9592,10
9595,6
9598,3
9598,4
9600,3
9600,4
9602,6
9602,8
9604,6
9605,15
9610,3
9610,4
9611,17
9611,22
9615,12
9615,13
9619,3
9619,4
9621,11
9621,12
9621,13
9622,12
9622,13
9631,11
9631,12
9631,13
9632,9
9632,10
9632,11
9639,14
9639,15
9639,16
9645,11
9645,12
9645,13
9647,3
9647,4
9647,5
9649,9
9649,10
9650,8
9650,10
9652,3
9652,4
9652,5
9654,6
9656,3
9656,4
9657,5
9660,2
9660,5
9666,17
9668,17
9668,18
9668,19
9668,20
9668,21
9668,22
9668,23
9671,6
9672,11
9672,12
9672,13
9674,6
9674,8
9674,10
9675,10
9681,14
9681,15
9681,16
9687,3
9687,4
9687,6
9688,7
9688,8
9688,9
9688,10
9690,17
9690,18
9690,19
9690,20
9690,21
9690,22
9690,23
9691,3
9691,4
9692,14
9692,15
9692,16
9693,6
9695,14
9695,15
9695,16
9707,10
9707,11
9707,12
9707,13
9708,7
9708,8
9708,9
9708,10
9712,17
9712,18
9712,19
9712,20
9712,21
9712,22
9712,23
9718,6
9718,7
9718,8
9718,9
9718,10
9719,6
9719,7
9719,8
9719,10
9721,17
9728,17
9728,23
9730,17
9730,20
9730,21
9730,22
9735,6
9742,1
9742,2
9743,3
9743,4
9747,9
9747,10
9747,11
9747,12
9747,13
9750,17
9750,18
9750,19
9750,20
9750,21
9750,22
9750,23
9751,12
9751,13
9752,16
9753,17
9753,18
9753,19
9753,20
9753,21
9753,22
9753,23
9754,3
9754,4
9754,5
9763,14
9763,15
9763,16
9764,3
9764,4
9767,14
9767,15
9767,16
9768,17
9768,18
9768,19
9768,20
9768,21
9768,22
9768,23
9770,3
9770,4
9770,5
9773,3
9773,4
9773,5
9774,11
9774,12
9774,13
9784,6
9791,11
9791,12
9791,13
9792,18
9792,19
9792,23
9800,1
9800,2
9800,5
9803,11
9803,12
9803,13
9804,3
9804,4
9805,17
9805,20
9805,21
9805,22
9808,11
9808,12
9808,13
9809,17
9809,22
9816,7
9816,8
9816,9
9816,10
9819,3
9819,4
9820,17
9821,10
9824,1
9824,2
9826,6
9826,7
9826,8
9829,6
9829,7
9829,8
9829,9
9829,10
9834,1
9834,2
9839,17
9839,18
9839,19
9839,20
9839,21
9839,23
9841,1
9841,2
9843,9
9843,10
9843,11
9845,6
9847,5
9848,3
9848,4
9848,5
9850,6
9850,7
9853,18
9853,19
9853,23
9855,9
9855,10
9855,11
9856,8
9856,9
9856,10
9856,11
9858,1
9858,2
9860,8
9860,9
9860,10
9862,6
9862,7
9862,8
9863,3
9863,4
9863,5
9866,14
9866,15
9866,16
9876,3
9876,4
9877,3
9877,4
9878,9
9878,10
9878,11
9882,9
9882,10
9882,11
9882,12
9882,13
9885,23
9886,3
9886,4
9892,6
9893,6
9893,8
9893,10
9894,7
9894,8
9894,9
9894,10
9897,6
9898,11
9898,12
9898,13
9904,7
9904,8
9904,9
9904,10
9906,8
9906,9
9906,10
9906,11
9912,14
9912,16
9913,14
9913,16
9916,22
9920,3
9920,4
9920,5
9921,14
9921,16
9923,11
9923,12
9926,10
9935,8
9935,9
9935,10
9936,23
9938,11
9940,3
9940,4
9942,1
9942,2
9944,3
9944,4
9944,5
9947,3
9947,4
9947,5
9949,3
9949,4
9949,5
9954,17
9954,18
9954,19
9954,20
9954,21
9954,22
9954,23
9956,5
9957,6
9957,7
9957,8
9958,6
9958,7
9958,8
9960,6
9961,3
9961,4
9961,5
9966,3
9966,4
9966,5
9978,6
9980,5
9983,9
9983,10
9986,14
9986,16
9988,14
9988,15
9988,16
9991,6
9991,7
9991,8
9996,1
9996,2
9998,11
9998,12
9998,13
